target_id,candidate_id,num_residues,radius_of_gyration,end_to_end_distance,mean_pairwise_distance,std_pairwise_distance,compactness,backbone_break_count,max_backbone_step,num_clashes,clashes_per_residue,max_clash_severity,contact_count,contact_density,long_range_contact_count,long_range_contact_density,mean_contact_distance,coarse_pair_count,coarse_canonical_pair_count,coarse_noncanonical_pair_count,coarse_canonical_pair_fraction,true_rmsd,true_tm_score,true_lddt,rank_within_target,predicted_score
1ZIH,native,12.0,9.5872555053571,14.548870402886951,13.484956517851543,4.324209437239098,0.0136175299918382,0.0,6.651286341753751,0.0,0.0,0.0,12.0,0.2181818181818181,2.0,0.2,11.015926020234843,23.0,12.0,11.0,0.5217391304347826,4.366543993759096e-15,1.0,1.0,1.0,0.6532824520559187
1ZIH,decoy_001,12.0,10.045788457440292,13.396226266725286,14.108801076900782,4.596320973998973,0.0118366596398829,0.0,10.051484261299995,0.0,0.0,0.0,9.0,0.1636363636363636,1.0,0.1,10.53957060844296,19.0,10.0,9.0,0.5263157894736842,1.522322691705831,0.1771240409887023,0.6447368421052632,2.0,0.4335186975821467
1ZIH,decoy_002,12.0,9.02741440715366,15.110095382651965,12.710791788937106,4.030052494185852,0.0163113950937714,0.0,10.867044580464576,0.0,0.0,0.0,13.0,0.2363636363636363,4.0,0.4,9.597007929432992,28.0,12.0,16.0,0.4285714285714285,2.4141031513542517,0.0677567753038876,0.5263157894736842,3.0,0.207359395211644
1ZIH,decoy_003,12.0,11.309751477291284,16.729859438769413,15.640607634224995,5.869310046401365,0.0082951082995596,1.0,14.039429668126443,0.0,0.0,0.0,5.0,0.0909090909090909,2.0,0.2,9.622436826080582,16.0,9.0,7.0,0.5625,4.273064492790893,0.0247315901253158,0.381578947368421,8.0,0.16287495105370917
1ZIH,decoy_004,12.0,9.90957916480024,12.123860683713303,13.787183373229224,4.916054795954518,0.0123314915933465,0.0,11.441911260015472,0.0,0.0,0.0,12.0,0.2181818181818181,2.0,0.2,9.500654660566603,21.0,11.0,10.0,0.5238095238095238,3.4347065032428343,0.0368700584199044,0.4736842105263157,6.0,0.18144625212712479
1ZIH,decoy_005,12.0,10.947955611556898,14.921116439725097,15.204481071532376,5.507407231442819,0.0091449674081332,2.0,14.830355716885505,0.0,0.0,0.0,8.0,0.1454545454545454,0.0,0.0,8.943678954139262,20.0,10.0,10.0,0.5,5.02838425724578,0.0139616253459025,0.3289473684210526,9.0,-0.04557662419658628
1ZIH,decoy_006,12.0,12.530500766597768,22.43345691267611,17.20871566198997,6.814316113178503,0.0060992433817116,2.0,14.25575897860116,0.0,0.0,0.0,6.0,0.109090909090909,2.0,0.2,8.399876296668355,14.0,7.0,7.0,0.5,5.106761307683566,0.0533312344030357,0.3092105263157895,4.0,-0.03235840304185672
1ZIH,decoy_007,12.0,11.861787267991604,18.50795178816869,16.390922353929813,6.190625176594845,0.0071900324873172,3.0,15.57977384557088,0.0,0.0,0.0,8.0,0.1454545454545454,3.0,0.3,8.913350614337917,15.0,7.0,8.0,0.4666666666666667,5.175601435635377,0.0384759031663748,0.2960526315789473,5.0,-0.08040042726893248
1ZIH,decoy_008,12.0,7.547790924409414,4.140676570637919,10.609060742583916,3.4269742801929453,0.0279075467053666,0.0,10.16451885372665,0.0,0.0,0.0,31.0,0.5636363636363636,6.0,0.6,8.99233025992474,41.0,19.0,22.0,0.4634146341463415,5.160086522982802,0.036462765592541,0.3947368421052631,7.0,0.19005383943684592
1ZIH,decoy_009,12.0,11.971773502668732,6.944384904532236,16.401785206732523,6.609610919199003,0.0069936802197881,3.0,20.347378611665807,0.0,0.0,0.0,9.0,0.1636363636363636,5.0,0.5,8.689467021152947,18.0,9.0,9.0,0.5,7.231676191246307,0.0117873930702627,0.2302631578947368,11.0,-0.04725854716869247
1ZIH,decoy_010,12.0,11.501355788393642,13.382758661593918,15.820602122015645,6.190480028198708,0.0078874048067803,3.0,23.423507996631432,0.0,0.0,0.0,13.0,0.2363636363636363,4.0,0.4,8.760190308737862,17.0,9.0,8.0,0.5294117647058824,6.086806524527072,0.0128821010393615,0.2368421052631579,10.0,-0.07226580185344374
1ZIH,decoy_011,12.0,13.458507467855028,23.573518929726596,18.840536378490963,6.342714051813344,0.0049225546503502,9.0,21.554135457378216,0.0,0.0,0.0,8.0,0.1454545454545454,2.0,0.2,9.807359392586424,12.0,7.0,5.0,0.5833333333333334,8.22302054168037,0.0052337796984547,0.1447368421052631,17.0,0.03108337154014277
1ZIH,decoy_012,12.0,12.71701146450537,21.75159039049607,17.451569660269172,6.9492119529755625,0.0058348011168317,7.0,24.210413703024734,1.0,0.0833333333333333,0.6615679272487727,7.0,0.1272727272727272,0.0,0.0,6.925526973575501,13.0,6.0,7.0,0.4615384615384615,8.504631522170635,0.0065989703707632,0.1907894736842105,13.0,0.01876861225280114
1ZIH,decoy_013,12.0,13.350924090735584,18.335334033365317,18.54886437549129,6.696458439924124,0.0050425157795819,7.0,25.77404552609459,0.0,0.0,0.0,8.0,0.1454545454545454,1.0,0.1,8.442145956949805,12.0,6.0,6.0,0.5,8.665523510960082,0.0059643175585922,0.1447368421052631,14.0,-0.00576313152630344
1ZIH,decoy_014,12.0,13.528260320596322,27.1060579949236,18.827704942263832,6.694805638575304,0.0048468032544868,6.0,29.523037294672005,0.0,0.0,0.0,7.0,0.1272727272727272,0.0,0.0,9.031142016972202,15.0,6.0,9.0,0.4,9.239916385663689,0.0054025568975792,0.1447368421052631,15.0,0.004381310112536471
1ZIH,decoy_015,12.0,13.181751430590309,25.666885877631547,18.375895196661553,6.437086661775521,0.0052391627821256,5.0,27.436328748229272,0.0,0.0,0.0,3.0,0.0545454545454545,1.0,0.1,10.832690140135083,14.0,5.0,9.0,0.3571428571428571,7.715527187255059,0.0105534615083204,0.1907894736842105,12.0,0.07326144469007458
1ZIH,decoy_016,12.0,17.76971507669516,17.752649206934176,24.94681341654568,8.160481702175083,0.0021386506747053,9.0,26.510154457421923,0.0,0.0,0.0,1.0,0.0181818181818181,0.0,0.0,11.005114570911314,2.0,0.0,2.0,0.0,11.15321219976312,0.0041573041394637,0.1184210526315789,18.0,0.05088433493082937
1ZIH,decoy_017,12.0,16.680134105336425,34.86003224464617,23.20942040156872,8.26820757416283,0.0025857267721031,9.0,36.23023649255298,0.0,0.0,0.0,5.0,0.0909090909090909,0.0,0.0,9.690277832543078,5.0,2.0,3.0,0.4,11.834328756901195,0.0031979048720941,0.125,21.0,-0.009422244074736926
1ZIH,decoy_018,12.0,19.09197721775885,19.052866489213965,26.7127306071453,9.039391153134623,0.0017243623173894,10.0,35.233623703987504,0.0,0.0,0.0,1.0,0.0181818181818181,0.0,0.0,10.92893152084134,4.0,2.0,2.0,0.5,15.394811130148216,0.0052834508377898,0.0723684210526315,16.0,0.030836684967320883
1ZIH,decoy_019,12.0,16.99433270659642,16.036551867339963,23.731233940457145,8.182521014699951,0.0024449438898795,7.0,36.8638325517316,0.0,0.0,0.0,3.0,0.0545454545454545,0.0,0.0,10.273946825798744,6.0,4.0,2.0,0.6666666666666666,13.295057721717956,0.0031590542895679,0.0855263157894736,22.0,0.05081645134499019
1ZIH,decoy_020,12.0,15.42668295822473,11.309083323728451,21.51442724398401,7.507600719770333,0.0032686135995498,9.0,27.128695536011755,0.0,0.0,0.0,6.0,0.109090909090909,1.0,0.1,9.576178819607112,11.0,6.0,5.0,0.5454545454545454,11.347895846007246,0.0037502469438194,0.0723684210526315,19.0,-0.025133981297266256
1ZIH,decoy_021,12.0,17.697507671591048,26.011020141266563,23.712149451549045,11.003785791205106,0.0021649352819372,9.0,36.43913293472596,0.0,0.0,0.0,7.0,0.1272727272727272,2.0,0.2,8.70997948421413,12.0,3.0,9.0,0.25,13.837833182251527,0.0022924646074087,0.131578947368421,26.0,-0.03464230944780788
1ZIH,decoy_022,12.0,19.770035188904576,24.348412054488012,27.540259286359458,9.71118518997373,0.0015529551704889,10.0,38.43312621326185,0.0,0.0,0.0,1.0,0.0181818181818181,0.0,0.0,7.848951664125961,5.0,3.0,2.0,0.6,17.105416259492028,0.0026780752634973,0.0131578947368421,24.0,0.015689713939784546
1ZIH,decoy_023,12.0,15.731895000206404,16.91889456738465,21.94377677588338,7.645543895586121,0.0030820389900659,9.0,38.90298940392523,0.0,0.0,0.0,4.0,0.0727272727272727,1.0,0.1,7.967697397303421,11.0,2.0,9.0,0.1818181818181818,12.80163511317878,0.0030730633811871,0.0460526315789473,23.0,-0.004559861496380309
1ZIH,decoy_024,12.0,18.096234293239515,46.39030957564,24.9702292888559,9.538118912034545,0.0020249607730025,10.0,46.33325552570642,0.0,0.0,0.0,5.0,0.0909090909090909,2.0,0.2,8.284084052735837,6.0,2.0,4.0,0.3333333333333333,16.864020332290696,0.0015978616883146,0.0394736842105263,28.0,-0.024572483386674553
1ZIH,decoy_025,12.0,14.084082188022476,11.356875369868582,19.01006367492233,8.450202664189948,0.0042953206872784,9.0,29.215958151054043,0.0,0.0,0.0,14.0,0.2545454545454545,6.0,0.6,8.26836528207622,18.0,10.0,8.0,0.5555555555555556,11.816187453142634,0.003336302930583,0.1644736842105263,20.0,0.013292242186351545
1ZIH,decoy_026,12.0,17.395284957747958,12.680535267056213,23.779632315337143,9.73336570159648,0.0022797467412617,10.0,36.19584995218917,0.0,0.0,0.0,6.0,0.109090909090909,2.0,0.2,9.126603441179036,9.0,6.0,3.0,0.6666666666666666,13.65165230280328,0.002367790106504,0.0592105263157894,25.0,-0.026077956132964732
1ZIH,decoy_027,12.0,21.07487825662361,20.56888956890163,29.12495595802117,10.990566986915963,0.0012819940881592,10.0,49.734058935265615,0.0,0.0,0.0,3.0,0.0545454545454545,1.0,0.1,7.112435409423756,4.0,1.0,3.0,0.25,16.658410256749725,0.0014511988220362,0.006578947368421,29.0,-0.011949184073492177
1ZIH,decoy_028,12.0,19.552116234670457,53.483972345387166,27.312802426457903,9.385506436878508,0.0016054616458282,9.0,40.45060833133735,0.0,0.0,0.0,3.0,0.0545454545454545,0.0,0.0,8.979540521907422,2.0,2.0,0.0,1.0,16.133961314670838,0.0022211288428977,0.0657894736842105,27.0,0.017526799109833
1ZIH,decoy_029,12.0,23.91471552602799,33.69961769271661,33.24937310212703,11.928567391127327,0.0008773756730145,11.0,49.402686994195165,0.0,0.0,0.0,2.0,0.0363636363636363,1.0,0.1,8.828857898687476,4.0,2.0,2.0,0.5,18.93641430386343,0.0010678522300434,0.0131578947368421,30.0,0.007450647916791542
1ZIH,decoy_030,12.0,20.831158647098057,22.49634368665818,28.323647920867067,12.022602754569585,0.0013275196756421,10.0,45.31967187566743,0.0,0.0,0.0,4.0,0.0727272727272727,1.0,0.1,8.181911787680978,10.0,4.0,6.0,0.4,19.24149332858082,0.001057330993641,0.0328947368421052,31.0,0.013915804198464726
3D2V,native,154.0,25.069325408099573,77.70614439669492,32.892179013095586,13.537430361531223,0.0097744600931225,1.0,74.99766419029329,0.0,0.0,0.0,420.0,0.0361197110423116,230.0,0.0214332308265772,9.94769280028095,956.0,410.0,546.0,0.4288702928870292,4.634618816118301e-15,1.0,1.0,1.0,1.0608679462053432
3D2V,decoy_001,154.0,25.19427983138521,77.30996907526674,33.04953748972789,13.620901309237489,0.0096297469435285,1.0,76.39198387745684,2.0,0.0129870129870129,0.8768624148248936,416.0,0.0357757137942896,255.0,0.023762929829466,9.7031091274123,943.0,395.0,548.0,0.4188759278897137,1.8186897706205067,0.8752493557292572,0.6538642789820923,2.0,0.7103826127429806
3D2V,decoy_002,154.0,25.06099783263532,76.5434008680549,32.89017834748528,13.511226596699927,0.0097842072634497,1.0,72.9866891012685,3.0,0.0194805194805194,1.2770434626530391,415.0,0.0356897144822841,248.0,0.0231106141086571,9.60315351765257,950.0,418.0,532.0,0.44,2.412171147970044,0.8065729747660179,0.5494816211121584,3.0,0.6841041213782694
3D2V,decoy_003,154.0,25.653827291662004,73.48541796356326,33.621659982912966,13.943620414373072,0.0091214571215843,5.0,79.6399857442208,4.0,0.0259740259740259,1.4805294188713296,425.0,0.0365497076023391,269.0,0.0250675612710837,9.46447516070245,925.0,402.0,523.0,0.4345945945945946,3.985334793047516,0.680770833261142,0.4540527803958529,4.0,0.6179381649559199
3D2V,decoy_004,154.0,25.258252533490435,80.89092591766644,33.093215153783305,13.752721615901162,0.0095567630376179,8.0,80.84401637518215,0.0,0.0,0.0,456.0,0.0392156862745098,260.0,0.0242288696300438,9.398102216775648,953.0,398.0,555.0,0.4176285414480588,3.8332231928801055,0.6468079058604792,0.422478793590952,5.0,0.5728782878320896
3D2V,decoy_005,154.0,25.553659103028604,76.58002626764014,33.50155933418541,13.862190290819871,0.0092291441727628,17.0,71.29331047628946,3.0,0.0194805194805194,1.7753041156396798,418.0,0.0359477124183006,272.0,0.0253471251514304,9.453562138890872,954.0,419.0,535.0,0.4392033542976939,4.267598608516668,0.5979381975130883,0.4008011310084826,6.0,0.5307087513312031
3D2V,decoy_006,154.0,26.179978037614987,77.45757157626653,34.263702911242206,14.343658029104365,0.00858248172139,20.0,82.67156105879285,6.0,0.0389610389610389,1.483221678220137,396.0,0.0340557275541795,257.0,0.0239493057496971,9.231707741737624,891.0,383.0,508.0,0.4298540965207632,6.084278852487115,0.4729765561864245,0.3143261074458058,8.0,0.44722283569836235
3D2V,decoy_007,154.0,25.060609502469635,75.76387435727817,32.850117398354605,13.606898283556363,0.0097846621081377,29.0,77.00014467628543,1.0,0.0064935064935064,0.9082297025871888,462.0,0.0397316821465428,306.0,0.0285155157953592,9.13856562421223,1007.0,416.0,591.0,0.4131082423038729,5.453152666681827,0.4828357342182115,0.3032516493873703,7.0,0.47652211904201885
3D2V,decoy_008,154.0,25.50931855867188,78.33731207715303,33.415641325057315,13.905099604040158,0.0092773544384046,33.0,75.3450526631942,3.0,0.0194805194805194,1.4722659006343848,469.0,0.0403336773305813,304.0,0.0283291398751281,9.187911520205498,945.0,416.0,529.0,0.4402116402116402,5.986118491106857,0.4634203003106144,0.2822808671065033,9.0,0.4737617853923536
3D2V,decoy_009,154.0,24.938616196770695,82.14622364681533,32.64324869383796,13.653473334435215,0.0099289578318637,52.0,79.06996431401231,6.0,0.0389610389610389,1.893446311783596,505.0,0.0434296525627794,348.0,0.0324294101202124,9.020350368592227,1038.0,419.0,619.0,0.4036608863198458,8.791610311133043,0.3298234557829833,0.2457587181903864,12.0,0.4160573847832503
3D2V,decoy_010,154.0,26.237806345028,75.9946830497244,34.40672717212008,14.213411820947934,0.0085258591535318,66.0,70.6930383267441,5.0,0.0324675324675324,2.1845709560426254,418.0,0.0359477124183006,295.0,0.0274904482340881,8.855024640735813,887.0,364.0,523.0,0.4103720405862457,7.429352573228629,0.3808721654375831,0.2198397737983035,10.0,0.3206895478639688
3D2V,decoy_011,154.0,26.494652285901296,74.41453693509659,34.646016794764556,14.5863893319146,0.0082802995481447,74.0,77.16710620485986,2.0,0.0129870129870129,0.175794169688952,418.0,0.0359477124183006,279.0,0.0259994408722393,9.009470153237798,927.0,408.0,519.0,0.4401294498381877,8.25946863012979,0.3304886352684298,0.2155984919886899,11.0,0.2402255077689262
3D2V,decoy_012,154.0,28.094146575610697,84.71678858347455,36.92542107060282,15.013088356963914,0.0069450150149344,86.0,77.73926528041615,8.0,0.0519480519480519,2.2571975909841475,317.0,0.0272617819057447,219.0,0.0204081632653061,8.940420547349161,731.0,318.0,413.0,0.4350205198358413,10.661135622428151,0.2405261658952178,0.1592836946277097,16.0,0.26303023491233873
3D2V,decoy_013,154.0,26.915483259850443,78.74506414852598,35.21449218790133,14.774838897047502,0.0078979462764903,96.0,78.90232544792696,3.0,0.0194805194805194,0.7050602501666399,451.0,0.0387856897144822,318.0,0.0296337713167458,9.016302764728056,892.0,358.0,534.0,0.4013452914798206,9.979884129841556,0.2582549787190249,0.1658812441093308,14.0,0.22966456607792823
3D2V,decoy_014,154.0,27.29432969190614,73.29475700957387,35.85544560397341,14.631684575587574,0.0075736184375046,99.0,81.94327458220762,3.0,0.0194805194805194,1.4311603164859157,370.0,0.0318197454420364,240.0,0.0223651104277327,9.015310909083832,805.0,324.0,481.0,0.4024844720496894,10.4894639945908,0.2681230972026937,0.1573986804901037,13.0,0.21389726000458037
3D2V,decoy_015,154.0,27.57006328973091,81.44699236970297,36.169637421283866,14.896649482195722,0.0073486477701207,92.0,71.70701018275248,9.0,0.0584415584415584,1.5723588185456532,352.0,0.0302717578259373,260.0,0.0242288696300438,9.081270834431496,767.0,327.0,440.0,0.4263363754889178,11.353695869763245,0.2483922085364936,0.1328934967012252,15.0,0.24303654160689525
3D2V,decoy_016,154.0,27.24045405889104,79.64947232589431,35.76176957857948,14.658799784161474,0.0076186442310441,108.0,81.97349060785533,6.0,0.0389610389610389,0.988278969048248,413.0,0.0355177158582731,299.0,0.0278632000745503,8.915596434051583,843.0,379.0,464.0,0.4495848161328588,10.67383301145418,0.2391438651407888,0.1472667295004712,17.0,0.20788691798704564
3D2V,decoy_017,154.0,27.875496559674357,85.68101824943209,36.587468403405595,15.020026684238534,0.0071097263219546,117.0,59.94075444946828,4.0,0.0259740259740259,1.9056648522178183,385.0,0.033109735122119,291.0,0.0271176963936259,8.963867627439365,820.0,332.0,488.0,0.4048780487804878,12.055079991303645,0.2209913655919328,0.1229971724787936,18.0,0.2099612640479392
3D2V,decoy_018,154.0,29.518535862355662,85.18959664787113,38.83283162485466,15.687231241590393,0.0059873725729211,117.0,76.347972305901,5.0,0.0324675324675324,1.3021621276335569,328.0,0.0282077743378053,250.0,0.0232969900288882,8.920638408201572,648.0,266.0,382.0,0.4104938271604938,13.82506390829813,0.153195899496943,0.1039114043355325,21.0,0.21613028928585556
3D2V,decoy_019,154.0,28.8546676345498,84.84677523089944,37.67076414762495,16.03061978386837,0.0064102134664361,129.0,79.47510717572426,8.0,0.0519480519480519,1.5770310872463555,324.0,0.0278637770897832,272.0,0.0253471251514304,8.906689132812879,790.0,325.0,465.0,0.4113924050632911,14.277997822648286,0.1639225063416634,0.1069745523091423,20.0,0.1937791441196365
3D2V,decoy_020,154.0,28.55838602071902,76.2722097529003,37.51841211997129,15.303358165524068,0.0066118005150631,125.0,77.62592755993514,5.0,0.0324675324675324,2.350225686912528,344.0,0.0295837633298933,266.0,0.0247879973907371,8.983627896033124,741.0,319.0,422.0,0.4304993252361673,14.280471167645135,0.1667514485607125,0.1161639962299717,19.0,0.1908273878301422
3D2V,decoy_021,154.0,30.987399265640683,84.71940815715031,40.524485096808945,17.051563428433703,0.0051756552097303,124.0,81.13177777335703,3.0,0.0194805194805194,0.8112081747215742,298.0,0.0256277949776401,240.0,0.0223651104277327,8.904644406403015,661.0,283.0,378.0,0.4281391830559758,15.76929116477442,0.147928966732635,0.0857681432610744,22.0,0.19379587483675295
3D2V,decoy_022,154.0,27.707494354904703,68.7823595958357,36.18763506855729,15.359066301642557,0.0072398398686443,128.0,80.09992040211554,6.0,0.0389610389610389,1.5307936985479598,400.0,0.0343997248022015,332.0,0.0309384027583636,9.203332265885148,858.0,330.0,528.0,0.3846153846153846,15.936872854848897,0.1465396232821574,0.0911875589066918,24.0,0.1894211369762878
3D2V,decoy_023,154.0,30.64163852850994,79.17297002078462,40.17047735268457,16.62606706854075,0.0053528462066916,133.0,91.0461190252812,6.0,0.0389610389610389,1.429326950712234,282.0,0.0242518059855521,216.0,0.0201285993849594,8.831347220537213,623.0,255.0,368.0,0.4093097913322632,16.32013418852977,0.1477929675423234,0.0636192271442035,23.0,0.19984598730068695
3D2V,decoy_024,154.0,30.800472807819062,82.19754310599275,40.3800260367308,16.709058957360202,0.0052704605997532,135.0,97.20671327744684,3.0,0.0194805194805194,0.960085810577172,288.0,0.0247678018575851,235.0,0.0218991706271549,9.061945664860833,594.0,247.0,347.0,0.4158249158249158,17.9344720800627,0.1183228081556597,0.0666823751178133,27.0,0.18858747961442657
3D2V,decoy_025,154.0,30.628346755096565,61.7872423330052,40.157295840637026,16.608598031630304,0.0053598181500706,136.0,59.687882998045296,3.0,0.0194805194805194,2.0015815463934894,290.0,0.0249398004815961,233.0,0.0217127947069238,9.115575645648535,610.0,244.0,366.0,0.4,17.070309024755954,0.1227253795854719,0.0619698397737983,26.0,0.19588899497682796
3D2V,decoy_026,154.0,30.605076975727982,69.11639776253712,40.120910790920114,16.61017918642121,0.0053720530455021,135.0,103.23038584474324,1.0,0.0064935064935064,1.4530901327342594,295.0,0.0253697970416236,243.0,0.0226446743080793,9.313762551925524,650.0,245.0,405.0,0.3769230769230769,17.35486986878255,0.1244533496728293,0.0742224316682375,25.0,0.19617623786039223
3D2V,decoy_027,154.0,30.666561204082832,53.07952919944658,40.229783327327624,16.575095549670326,0.0053398060560881,137.0,77.03797624485614,3.0,0.0194805194805194,2.069596690681892,268.0,0.023047815617475,217.0,0.020221787345075,8.860793646070988,601.0,260.0,341.0,0.43261231281198,18.51755916721994,0.1133745263539173,0.05937794533459,28.0,0.20652052545573416
3D2V,decoy_028,154.0,30.69116133120612,62.278130120532666,40.152215411342745,16.852519187791053,0.0053269761754035,139.0,77.35782997191204,6.0,0.0389610389610389,1.2568994504757691,280.0,0.0240798073615411,226.0,0.0210604789861149,8.708792173930327,635.0,254.0,381.0,0.4,19.259933721023497,0.1010993462252334,0.0605560791705937,31.0,0.19275092418109976
3D2V,decoy_029,154.0,31.03931671995283,87.58802826407978,40.63717400366025,16.973285778551897,0.0051497276758844,141.0,93.51928632161668,6.0,0.0389610389610389,1.526212445996697,299.0,0.0257137942896456,251.0,0.0233901779890038,8.840243893878162,648.0,231.0,417.0,0.3564814814814814,19.872447784673447,0.1016027150384599,0.0572573044297832,30.0,0.19540468463622754
3D2V,decoy_030,154.0,33.006039386755305,85.0544126719705,43.24590154047784,17.96746440088679,0.0042829251055877,142.0,84.94004389441538,4.0,0.0259740259740259,0.982828992718555,233.0,0.0200378396972824,198.0,0.0184512161028795,8.890740451866323,517.0,208.0,309.0,0.402321083172147,20.484244460130224,0.1016912669878479,0.0372290292177191,29.0,0.1270019798107784
1XJR,native,46.0,18.20146905289144,17.49639419994874,23.598381504706506,10.973946245534105,0.0076284886921522,0.0,6.891368224090196,0.0,0.0,0.0,84.0,0.0848484848484848,40.0,0.0539811066126855,10.307408174219452,195.0,63.0,132.0,0.3230769230769231,5.833002127994169e-15,1.0,1.0,1.0,0.8084385470729041
1XJR,decoy_001,46.0,18.261347135279227,16.983912212135916,23.664605961232475,11.034546395991224,0.0075536941300715,0.0,9.482135505717157,0.0,0.0,0.0,76.0,0.0767676767676767,42.0,0.0566801619433198,9.798303131603634,203.0,64.0,139.0,0.3152709359605911,1.6298096416955643,0.6818805581361991,0.666313559322034,2.0,0.6028343359845181
1XJR,decoy_002,46.0,18.24680387513766,20.045323590657123,23.67458458615697,10.963728444073508,0.0075717701044976,0.0,10.412958139946475,0.0,0.0,0.0,86.0,0.0868686868686868,49.0,0.0661268556005398,9.96502200774625,193.0,54.0,139.0,0.2797927461139896,2.392033395347978,0.5229824527123601,0.6038135593220338,3.0,0.7552540807774799
1XJR,decoy_003,46.0,18.791637109872788,14.858622991667549,24.46439322516428,11.110318937682056,0.0069320866131632,3.0,16.462974981295922,0.0,0.0,0.0,78.0,0.0787878787878787,45.0,0.0607287449392712,9.922395752192203,170.0,57.0,113.0,0.3352941176470588,4.231722596574124,0.3475594167111429,0.4565677966101694,4.0,0.47992200951753927
1XJR,decoy_004,46.0,18.439828148181498,19.796874019558135,23.761011256329315,11.42721274445595,0.0073364713138282,2.0,13.95670567512268,0.0,0.0,0.0,94.0,0.0949494949494949,62.0,0.0836707152496626,9.52208475937936,203.0,67.0,136.0,0.3300492610837438,4.002852516966486,0.288944517113641,0.4120762711864407,5.0,0.41756520261371893
1XJR,decoy_005,46.0,18.377924426644565,13.352709099396524,23.797678358562493,11.143506815582988,0.0074108572478995,3.0,14.803962094252908,1.0,0.0217391304347826,0.3605596821169721,90.0,0.0909090909090909,57.0,0.0769230769230769,9.631043928166774,197.0,74.0,123.0,0.3756345177664975,4.2531659165089835,0.2549464644813426,0.3898305084745763,6.0,0.3540379729145928
1XJR,decoy_006,46.0,18.64452827751214,27.464166597092337,23.962376319316892,11.682940499798296,0.0070974710895382,8.0,19.68738824138852,0.0,0.0,0.0,115.0,0.1161616161616161,71.0,0.0958164642375168,8.995437108846806,206.0,72.0,134.0,0.3495145631067961,5.818424568717203,0.1805200640967149,0.2913135593220339,9.0,0.3720177547917209
1XJR,decoy_007,46.0,19.152143226854147,16.565781991416003,24.85569449586366,11.493739936264072,0.0065479550427182,13.0,20.882805400458373,1.0,0.0217391304347826,1.69867449784028,94.0,0.0949494949494949,47.0,0.0634278002699055,9.208209902670902,179.0,54.0,125.0,0.3016759776536313,6.039234968559797,0.1754068929234042,0.3061440677966102,10.0,0.25007033305877463
1XJR,decoy_008,46.0,18.92266838002231,18.38635872042235,24.8880842878782,10.61282824870544,0.006789076405952,7.0,17.924536293781564,0.0,0.0,0.0,75.0,0.0757575757575757,47.0,0.0634278002699055,9.905125226137171,149.0,55.0,94.0,0.3691275167785235,5.820258804489978,0.1898318191010027,0.2584745762711864,8.0,0.37802892471549737
1XJR,decoy_009,46.0,19.6945265786988,11.740210186618896,25.770863219450543,11.351221275686086,0.0060217288342172,16.0,26.985833578124968,0.0,0.0,0.0,83.0,0.0838383838383838,61.0,0.0823211875843454,9.410821148738195,158.0,57.0,101.0,0.360759493670886,9.29708895506182,0.1482893324670249,0.1959745762711864,11.0,0.08915121053994227
1XJR,decoy_010,46.0,19.484505546655218,23.929149562879076,25.35943567140621,11.535340863657153,0.0062185576340955,15.0,21.80737611950745,2.0,0.0434782608695652,0.907032914241198,68.0,0.0686868686868686,38.0,0.0512820512820512,8.855129808412856,155.0,50.0,105.0,0.3225806451612903,5.94544214503011,0.2007901544517285,0.2415254237288135,7.0,0.14036520711255124
1XJR,decoy_011,46.0,19.47093485879681,17.786115242985403,25.500358152337167,11.172108154746311,0.0062315691720134,17.0,20.374173997747217,1.0,0.0217391304347826,0.8168998328157473,75.0,0.0757575757575757,45.0,0.0607287449392712,9.046727449656975,154.0,62.0,92.0,0.4025974025974026,7.582758112301524,0.1140149539121192,0.2086864406779661,12.0,0.12894182249158953
1XJR,decoy_012,46.0,21.27638635068496,15.217161153506485,28.038315606162016,11.80429610478861,0.0047759990073542,31.0,42.4453228008079,1.0,0.0217391304347826,0.9739851450635726,58.0,0.0585858585858585,32.0,0.0431848852901484,8.897553572582014,126.0,49.0,77.0,0.3888888888888889,11.071383740992788,0.0600699789238325,0.1620762711864407,19.0,0.06568773995615855
1XJR,decoy_013,46.0,19.832975070688352,24.80719341759595,25.997259459205125,11.327770538423431,0.0058964990602306,22.0,27.293430082081645,2.0,0.0434782608695652,1.356788599037548,92.0,0.0929292929292929,45.0,0.0607287449392712,8.86073111663449,147.0,53.0,94.0,0.3605442176870748,9.78342031999572,0.1026351101483384,0.1747881355932203,13.0,0.1255537916680549
1XJR,decoy_014,46.0,20.47411991677876,17.002580260648333,27.014437298421736,11.27962758542478,0.0053597200210048,27.0,27.33500421568767,0.0,0.0,0.0,65.0,0.0656565656565656,44.0,0.0593792172739541,9.3839545115557,120.0,36.0,84.0,0.3,9.739175083559868,0.0922350298235458,0.1620762711864407,15.0,0.07321910631415278
1XJR,decoy_015,46.0,20.601971176575088,18.55880258842989,27.10240699629701,11.541491315614117,0.0052605542775285,31.0,29.68119716259545,2.0,0.0434782608695652,2.3488621220713553,66.0,0.0666666666666666,41.0,0.0553306342780027,8.360873053130259,145.0,53.0,92.0,0.3655172413793103,11.269153311396446,0.0923908667457289,0.1377118644067796,14.0,0.07944284346154981
1XJR,decoy_016,46.0,22.485249638591736,22.284736519371464,29.50677253626259,12.766901975809995,0.0040463616023392,35.0,35.632435987495356,0.0,0.0,0.0,63.0,0.0636363636363636,38.0,0.0512820512820512,9.192812824197048,111.0,37.0,74.0,0.3333333333333333,11.008754521377147,0.0682588573654098,0.1165254237288135,17.0,0.09130818095627181
1XJR,decoy_017,46.0,22.666673156726493,26.81268526941331,29.806865767819872,12.725622894947172,0.0039499762525527,34.0,35.79223969958122,0.0,0.0,0.0,71.0,0.0717171717171717,44.0,0.0593792172739541,8.992149494790695,122.0,40.0,82.0,0.3278688524590163,13.009097436735097,0.0442072011253661,0.111228813559322,24.0,0.0514354166646032
1XJR,decoy_018,46.0,21.72910372697382,22.011343529834807,28.38794068398734,12.626058023914764,0.0044836571106817,33.0,34.889082773159906,1.0,0.0217391304347826,1.334400474427092,60.0,0.0606060606060606,34.0,0.0458839406207827,8.360670112742659,129.0,43.0,86.0,0.3333333333333333,12.365441250297971,0.0844650523342714,0.1334745762711864,16.0,0.068934900729725
1XJR,decoy_019,46.0,23.747263806665668,8.268367335958345,30.8332603161375,14.221068991221626,0.0034349237528197,34.0,40.85593397519793,0.0,0.0,0.0,58.0,0.0585858585858585,35.0,0.0472334682860998,9.273627564159195,105.0,43.0,62.0,0.4095238095238095,12.783790744799504,0.0542031623002046,0.1334745762711864,21.0,0.07291558335824032
1XJR,decoy_020,46.0,24.958638446966773,35.58807107947909,32.88236016672567,13.86735718760468,0.002958660693615,38.0,39.19996156762721,2.0,0.0434782608695652,1.6970724531952108,44.0,0.0444444444444444,32.0,0.0431848852901484,8.561391734109973,80.0,30.0,50.0,0.375,14.912804037892816,0.0455504500173757,0.0826271186440678,23.0,0.02040202364913975
1XJR,decoy_021,46.0,21.44826039138958,3.6237318626816175,28.30943063153865,11.793115289547243,0.0046621002825833,38.0,44.18260370287489,2.0,0.0434782608695652,1.5123941440107065,69.0,0.0696969696969697,40.0,0.0539811066126855,8.803860301568152,132.0,39.0,93.0,0.2954545454545454,15.041791112972488,0.0540131782071955,0.0953389830508474,22.0,0.04643984267289703
1XJR,decoy_022,46.0,23.38873633613986,15.771975910577122,30.619171522655012,13.447858092908834,0.0035953200564652,39.0,41.123173660921815,2.0,0.0434782608695652,2.422537502647979,55.0,0.0555555555555555,35.0,0.0472334682860998,8.828457174203187,118.0,38.0,80.0,0.3220338983050847,14.84776288825401,0.0613199310771611,0.1006355932203389,18.0,0.05515388415948552
1XJR,decoy_023,46.0,23.034800694186774,41.63075941003735,30.408138577529595,12.654307856011844,0.0037636086227876,42.0,37.0290449531198,1.0,0.0217391304347826,0.9201963608940984,49.0,0.0494949494949494,27.0,0.0364372469635627,8.831334685637339,107.0,39.0,68.0,0.3644859813084112,17.820624870828926,0.0560042900860564,0.0614406779661017,20.0,0.07818122994846832
1XJR,decoy_024,46.0,26.010324460326192,34.02971604609096,34.5222821708656,13.833087180198588,0.0026140899198209,40.0,44.233206905909334,1.0,0.0217391304347826,0.850415733808779,29.0,0.0292929292929292,12.0,0.0161943319838056,9.540565280860774,66.0,24.0,42.0,0.3636363636363636,17.544381106040962,0.0421468832463649,0.0773305084745762,25.0,-0.02211094754939265
1XJR,decoy_025,46.0,24.884803332229268,17.121895476957484,32.72001918534922,13.979613487162164,0.0029850746286751,36.0,52.83739901330486,0.0,0.0,0.0,38.0,0.0383838383838383,22.0,0.029689608636977,9.03639238745965,75.0,31.0,44.0,0.4133333333333333,15.98938071806944,0.0415264945342577,0.0540254237288135,26.0,0.060587496156945184
1XJR,decoy_026,46.0,23.12349306451705,20.401549458123306,30.667914007173408,12.354560982915867,0.0037204674756895,36.0,50.32217380183406,0.0,0.0,0.0,40.0,0.0404040404040404,25.0,0.0337381916329284,8.453962184772568,100.0,30.0,70.0,0.3,15.53186332303987,0.0311377729971435,0.1006355932203389,27.0,0.0821658930411409
1XJR,decoy_027,46.0,27.97826772389344,24.377874961273147,36.73125912053593,15.848403998334376,0.0021003678732835,43.0,50.45889375255495,0.0,0.0,0.0,30.0,0.0303030303030303,18.0,0.0242914979757085,8.891416619924316,68.0,31.0,37.0,0.4558823529411764,18.72048958268213,0.0286564343603721,0.0635593220338983,28.0,0.0065925311652432605
1XJR,decoy_028,46.0,26.93990487364133,29.49697659530171,35.522395769304374,14.897391725234211,0.0023527168238028,38.0,53.02207301876318,0.0,0.0,0.0,46.0,0.0464646464646464,35.0,0.0472334682860998,9.565217924610725,84.0,28.0,56.0,0.3333333333333333,19.436958487838744,0.0241075271520217,0.0497881355932203,29.0,-0.029580263064592133
1XJR,decoy_029,46.0,30.703792003921723,41.984451041250765,40.57148771202764,16.77196663226643,0.0015892118164657,44.0,53.509728743784905,1.0,0.0217391304347826,0.2172997482821457,25.0,0.0252525252525252,15.0,0.020242914979757,8.656828570968036,48.0,14.0,34.0,0.2916666666666667,22.248741766539975,0.0224288498619017,0.0444915254237288,30.0,0.010497670931708681
1XJR,decoy_030,46.0,30.506726498799296,20.82334749752264,40.06496569295162,17.247664482726304,0.0016202088727185,42.0,61.05802445886149,1.0,0.0217391304347826,0.7728250261702776,29.0,0.0292929292929292,24.0,0.0323886639676113,8.772753167967226,60.0,22.0,38.0,0.3666666666666666,22.915567337455578,0.0173765203794786,0.0466101694915254,31.0,0.014675166340465923
2OIU,native,142.0,31.87333071787729,38.578997472718235,40.84763045878825,19.43449427527913,0.0043853675367763,1.0,38.93158101079379,0.0,0.0,0.0,282.0,0.0285714285714285,150.0,0.0165837479270315,10.546719423883108,543.0,239.0,304.0,0.440147329650092,1.1696750286187e-14,1.0,1.0,1.0,0.8934683478588074
2OIU,decoy_001,142.0,31.74225362959575,38.66801432479501,40.70805765699957,19.294744239163315,0.0044399192544792,1.0,38.31066812254932,1.0,0.0070422535211267,0.6934466724282426,255.0,0.0258358662613981,158.0,0.0174682144831398,10.144975106788188,561.0,241.0,320.0,0.4295900178253119,1.6661033869589026,0.883241283684232,0.6772413793103449,2.0,0.8929793061737226
2OIU,decoy_002,142.0,31.822384325525032,38.831305388920555,40.80407307677384,19.35768423861131,0.0044064636804449,2.0,38.21531123981118,0.0,0.0,0.0,266.0,0.026950354609929,169.0,0.0186843559977888,9.859402946166272,576.0,231.0,345.0,0.4010416666666667,2.337859064491838,0.8049167011367007,0.5782758620689654,3.0,0.8102333598757188
2OIU,decoy_003,142.0,32.07561108242406,42.18954766893991,40.91383965131454,19.95847993320103,0.0043029225325654,4.0,39.51361021980864,1.0,0.0070422535211267,0.9067623354992592,309.0,0.0313069908814589,205.0,0.0226644555002763,9.766806743995454,658.0,268.0,390.0,0.4072948328267477,4.7663916673372695,0.5836206249310619,0.4451724137931034,5.0,0.7846566266973299
2OIU,decoy_004,142.0,31.66587180766943,42.77989451297008,40.65148506654044,19.160759921828028,0.0044721256438491,6.0,36.7149529985538,3.0,0.0211267605633802,1.998250779430399,258.0,0.0261398176291793,148.0,0.0163626312880044,9.780453849619168,570.0,240.0,330.0,0.4210526315789473,3.511487549379816,0.6675479500703349,0.4596551724137931,4.0,0.7159570366617053
2OIU,decoy_005,142.0,31.973820481689216,36.60801941335275,40.89221472591531,19.671762346391617,0.004344149348711,17.0,33.00456506099706,3.0,0.0211267605633802,0.7525076659125447,295.0,0.0298885511651469,202.0,0.0223327805417357,9.273910098020544,595.0,252.0,343.0,0.4235294117647059,4.305109128709982,0.5769690365798045,0.3696551724137931,6.0,0.4301396188604816
2OIU,decoy_006,142.0,32.77290116938809,37.27213849821002,42.270627884245606,19.40502659835959,0.0040340723176295,29.0,40.70946831791013,2.0,0.0140845070422535,0.3764486264535045,257.0,0.0260385005065856,162.0,0.017910447761194,9.328265971899668,499.0,210.0,289.0,0.4208416833667334,5.857187407921022,0.4789679235383902,0.2837931034482758,8.0,0.266850358586819
2OIU,decoy_007,142.0,32.24681967313002,36.74889983958098,41.36462183361401,19.581434285619036,0.0042347490314795,33.0,38.73958369510513,1.0,0.0070422535211267,0.925346037613232,260.0,0.0263424518743667,169.0,0.0186843559977888,9.29401342462046,596.0,252.0,344.0,0.4228187919463087,5.340943038538972,0.4852928368926223,0.3096551724137931,7.0,0.3403869459025427
2OIU,decoy_008,142.0,32.14639225848956,44.54663427718963,41.27521445376134,19.43696900357082,0.0042745620432731,41.0,35.13396149553433,6.0,0.0422535211267605,1.454857834211475,273.0,0.0276595744680851,173.0,0.019126589275843,8.970553021924434,574.0,246.0,328.0,0.4285714285714285,6.138647000101361,0.4412631812953334,0.2755172413793103,9.0,0.23904493600883087
2OIU,decoy_009,142.0,33.31566765095267,39.07001597250533,42.755869296622144,20.187788470498713,0.0038401021870735,60.0,42.80386637273138,4.0,0.028169014084507,1.4773212336987582,258.0,0.0261398176291793,182.0,0.0201216141514649,9.00010624419603,517.0,200.0,317.0,0.3868471953578336,7.565980096630366,0.354686311281198,0.2403448275862069,10.0,0.23934564340491005
2OIU,decoy_010,142.0,32.826001189665504,44.80378840088598,42.18684808712595,19.764789453214075,0.0040145271712661,66.0,39.83130218428779,1.0,0.0070422535211267,0.1163212967600633,258.0,0.0261398176291793,165.0,0.0182421227197346,9.143124020498176,505.0,196.0,309.0,0.3881188118811881,7.954670404236405,0.323839507240777,0.2193103448275862,11.0,0.18773110552485137
2OIU,decoy_011,142.0,32.927488970612025,42.4095011763066,42.340280051912615,19.776722311076124,0.0039775212221346,68.0,33.59288983390502,2.0,0.0140845070422535,1.889853891836844,257.0,0.0260385005065856,178.0,0.0196793808734107,9.144648873374484,549.0,238.0,311.0,0.4335154826958106,8.19136406087225,0.3148451289278459,0.2,12.0,0.21292269000067152
2OIU,decoy_012,142.0,32.98887278341666,46.83603074515917,42.40744018934746,19.838771759511168,0.0039553590775507,72.0,45.86384463840731,4.0,0.028169014084507,1.8024688615528828,259.0,0.026241134751773,167.0,0.0184632393587617,9.214973257017608,516.0,173.0,343.0,0.3352713178294573,8.749102690262157,0.3030313719070455,0.1868965517241379,13.0,0.2365965816550004
2OIU,decoy_013,142.0,32.73114758235154,54.636740071968376,42.0812862620946,19.672761189010764,0.0040495302493487,84.0,43.929215338128,6.0,0.0422535211267605,0.7848859733400304,266.0,0.026950354609929,188.0,0.0207849640685461,8.72208129568947,516.0,218.0,298.0,0.4224806201550387,9.464201128248668,0.2790257719165291,0.1710344827586206,14.0,0.1595506944232551
2OIU,decoy_014,142.0,34.78612305153873,37.44605025137355,44.968021764432194,20.376209357560185,0.0033734187751087,92.0,48.944838099253104,6.0,0.0422535211267605,1.8930969024683104,234.0,0.02370820668693,165.0,0.0182421227197346,8.838114675758408,448.0,181.0,267.0,0.4040178571428571,10.64073131611079,0.2202461976264496,0.1379310344827586,16.0,0.1178808879519983
2OIU,decoy_015,142.0,34.5087383975029,57.394788539801354,44.52828851630629,20.39188823193768,0.0034554220291134,96.0,38.45104374742209,3.0,0.0211267605633802,0.5887068418412205,251.0,0.0254305977710233,174.0,0.0192371475953565,8.996139370082421,490.0,201.0,289.0,0.410204081632653,10.706562722078342,0.2390040425184744,0.1420689655172413,15.0,0.14546836201693267
2OIU,decoy_016,142.0,33.84342463893999,44.87416685095468,43.65194653104208,20.03768535669739,0.0036632405247451,99.0,50.42803175597023,4.0,0.028169014084507,1.3051167163002804,253.0,0.0256332320162107,171.0,0.0189054726368159,8.537356268826743,483.0,176.0,307.0,0.3643892339544513,11.7694470599539,0.1933377321629946,0.123103448275862,18.0,0.1274002075687844
2OIU,decoy_017,142.0,33.8756203758581,39.05263287448723,43.55617321913352,20.353193846703427,0.0036528057043351,99.0,34.68404954022245,5.0,0.0352112676056338,1.7102867372403432,268.0,0.0271529888551165,192.0,0.0212271973466003,8.668064060185383,538.0,206.0,332.0,0.3828996282527881,11.929990767399248,0.1980462655030083,0.1355172413793103,17.0,0.15488923385796716
2OIU,decoy_018,142.0,34.62315877713963,38.96776630575074,44.552387068930194,20.72715094086562,0.0034212773504036,108.0,51.250276219443265,4.0,0.028169014084507,2.1464202041340834,239.0,0.0242147922998986,159.0,0.0175787728026533,9.057550997296298,481.0,183.0,298.0,0.3804573804573805,12.91115029572956,0.1717524609431237,0.1268965517241379,19.0,0.1339532587184398
2OIU,decoy_019,142.0,35.12450156208673,55.83714763092082,45.534250998309226,20.287753225957974,0.0032768596012326,116.0,50.43019503105148,0.0,0.0,0.0,244.0,0.0247213779128672,153.0,0.0169154228855721,9.234110073563368,464.0,180.0,284.0,0.3879310344827586,14.009640500407048,0.1561812718222968,0.0979310344827586,21.0,0.12680769815408166
2OIU,decoy_020,142.0,34.53536881335303,50.2033282082315,44.73427490563857,20.02862101014986,0.0034474347056518,117.0,64.38036735408417,3.0,0.0211267605633802,2.1618795427745097,203.0,0.0205673758865248,150.0,0.0165837479270315,9.22853457933659,431.0,170.0,261.0,0.3944315545243619,14.144343590167326,0.1618060768935456,0.1062068965517241,20.0,0.11202761697867135
2OIU,decoy_021,142.0,37.65163226264,29.929097875249944,48.138660427921806,23.19630664239996,0.0026603386211562,122.0,45.07475625337592,2.0,0.0140845070422535,0.9747445612287872,228.0,0.0231003039513677,164.0,0.0181315644002211,9.286347375406326,422.0,161.0,261.0,0.3815165876777251,16.683836597793736,0.1200989114249262,0.1024137931034482,24.0,0.09932937952516213
2OIU,decoy_022,142.0,34.589379663127666,41.14831080141397,44.60246542185694,20.504658477010636,0.0034313105411744,118.0,68.58636582174606,6.0,0.0422535211267605,1.273563596784875,240.0,0.0243161094224924,173.0,0.019126589275843,9.144378164708169,532.0,192.0,340.0,0.3609022556390977,15.091565668117456,0.1415508947935292,0.0986206896551724,23.0,0.12643758579017741
2OIU,decoy_023,142.0,35.59130642580218,54.0606617911637,46.16401885372528,20.502036684946734,0.0031496083665242,125.0,44.994298139986405,11.0,0.0774647887323943,1.3525344075677934,202.0,0.0204660587639311,152.0,0.0168048645660585,8.33678303036021,416.0,156.0,260.0,0.375,16.447926233724242,0.1424180855955882,0.0641379310344827,22.0,0.08730531429398292
2OIU,decoy_024,142.0,33.14594000807714,39.05070606559717,43.266063370203014,18.464511198212367,0.003899395843628,123.0,47.67009227302108,6.0,0.0422535211267605,2.2364757178972177,205.0,0.0207700101317122,152.0,0.0168048645660585,9.040625795977396,424.0,170.0,254.0,0.4009433962264151,18.11704840071437,0.1007225672266311,0.0582758620689655,30.0,0.09828785011906649
2OIU,decoy_025,142.0,36.722275849547245,35.08179567386961,47.404994478394734,21.65515198603926,0.0028674745929906,125.0,53.86896591140665,4.0,0.028169014084507,2.500783865364689,206.0,0.0208713272543059,155.0,0.0171365395245992,9.312358257334184,418.0,158.0,260.0,0.3779904306220095,16.973306006464902,0.1100194647378107,0.0586206896551724,26.0,0.08532647489452681
2OIU,decoy_026,142.0,35.75071041427642,29.29451305331716,46.26718520885684,20.825547524561465,0.0031076658521575,124.0,49.06205633008237,4.0,0.028169014084507,2.6216709043778805,187.0,0.0189463019250253,152.0,0.0168048645660585,8.680884369452167,441.0,177.0,264.0,0.4013605442176871,16.68466278554633,0.11665940769324,0.073103448275862,25.0,0.0919512545867943
2OIU,decoy_027,142.0,36.925332890924395,45.292341477511705,47.81664413957639,21.444558896146333,0.0028204284483658,122.0,65.71648618072676,4.0,0.028169014084507,0.4749881474965547,169.0,0.0171225937183383,132.0,0.0145936981757877,8.951211126344553,375.0,137.0,238.0,0.3653333333333333,18.56500844447545,0.1031702769879137,0.0720689655172413,29.0,0.08721390815885587
2OIU,decoy_028,142.0,36.9883211997857,24.118470878081993,48.064836958350185,21.105673208320656,0.0028060440438133,124.0,63.71701949915248,2.0,0.0140845070422535,0.8179658149397739,185.0,0.0187436676798378,121.0,0.0133775566611387,9.272600241377496,373.0,144.0,229.0,0.3860589812332439,19.036315851152512,0.1094743296053948,0.0534482758620689,27.0,0.08407689995996698
2OIU,decoy_029,142.0,37.81671721726847,18.617920796480643,48.90939390151922,22.098971806901208,0.0026256501950105,123.0,60.699223439068774,2.0,0.0140845070422535,1.2109655431254098,172.0,0.0174265450861195,135.0,0.0149253731343283,9.041735695332209,351.0,120.0,231.0,0.3418803418803419,19.2362524778115,0.1091174254069711,0.0675862068965517,28.0,0.0929658764441621
2OIU,decoy_030,142.0,40.59344673344027,22.47278809282419,52.72902244216693,23.20946947553743,0.0021228561177604,130.0,69.49862998671445,1.0,0.0070422535211267,0.8431259408149439,130.0,0.0131712259371833,97.0,0.0107241569928137,8.888899503569306,293.0,112.0,181.0,0.3822525597269625,21.876667190516027,0.0775307090035104,0.0468965517241379,31.0,0.0487419504050145
1L2X,native,27.0,12.71491808278181,25.263718273445026,17.191248426689047,6.343134010118568,0.0131347879042801,0.0,6.425049883074839,0.0,0.0,0.0,59.0,0.1815384615384615,28.0,0.1473684210526315,10.3467434253839,97.0,33.0,64.0,0.3402061855670103,4.351076053234539e-15,1.0,1.0,1.0,0.6029195513112102
1L2X,decoy_001,27.0,12.864026027566409,26.018245699136905,17.384047006124312,6.44132868626584,0.0126833224473835,0.0,8.983848159049835,0.0,0.0,0.0,45.0,0.1384615384615384,25.0,0.131578947368421,9.831597925008518,88.0,29.0,59.0,0.3295454545454545,1.4807925911047857,0.3929169329450892,0.6844262295081968,2.0,0.5176522743976931
1L2X,decoy_002,27.0,12.6208162362333,27.617843646147502,17.046951028432762,6.342251813776643,0.0134307861469757,0.0,10.559089518273762,0.0,0.0,0.0,53.0,0.163076923076923,30.0,0.1578947368421052,9.42578089509476,106.0,29.0,77.0,0.2735849056603773,2.6887326904190108,0.1899487126608155,0.5532786885245902,4.0,0.2055521311097155
1L2X,decoy_003,27.0,13.733224145149627,23.0154897139057,18.38708869248751,7.322954577925247,0.0104242840953794,3.0,22.81394282382884,0.0,0.0,0.0,47.0,0.1446153846153846,20.0,0.1052631578947368,9.456225531776074,90.0,32.0,58.0,0.3555555555555555,4.655980255039653,0.2132773991884713,0.4610655737704918,3.0,-0.03300432581782241
1L2X,decoy_004,27.0,12.745012735968364,21.525127562482357,17.259404935200646,6.283205189880997,0.0130419623631325,2.0,13.316361307905188,0.0,0.0,0.0,54.0,0.1661538461538461,28.0,0.1473684210526315,9.858207720665238,108.0,36.0,72.0,0.3333333333333333,3.9587205831434407,0.1184514448108638,0.4672131147540984,5.0,0.2519455001255981
1L2X,decoy_005,27.0,13.050046701819229,30.34373007465025,17.45278622715529,7.007708385719816,0.0121486373009872,1.0,12.615992412918084,0.0,0.0,0.0,51.0,0.1569230769230769,22.0,0.1157894736842105,9.26103536204868,110.0,32.0,78.0,0.2909090909090909,4.430494033407483,0.0900296003726441,0.3278688524590164,6.0,0.23265949176729891
1L2X,decoy_006,27.0,14.537529827311074,22.256799084396405,19.317129342712303,8.11079321454726,0.0087880376246856,4.0,19.074395391244828,0.0,0.0,0.0,46.0,0.1415384615384615,21.0,0.1105263157894736,8.946220958484139,88.0,27.0,61.0,0.3068181818181818,6.72968688788678,0.058910418103219,0.3381147540983606,9.0,-0.04803540571987727
1L2X,decoy_007,27.0,13.70737074594764,26.531975801723934,18.435135450013945,7.098101029476723,0.0104833789745722,5.0,18.739051178910223,0.0,0.0,0.0,44.0,0.1353846153846153,25.0,0.131578947368421,9.034462046755731,95.0,34.0,61.0,0.3578947368421052,5.018064107901678,0.0783027668117112,0.3278688524590164,7.0,-0.032421326406694255
1L2X,decoy_008,27.0,13.267796056512577,19.89860843510753,17.785539839266452,7.0202924191832645,0.0115602546887213,4.0,16.34596288648757,0.0,0.0,0.0,58.0,0.1784615384615384,31.0,0.1631578947368421,8.930707747858872,105.0,37.0,68.0,0.3523809523809524,5.789547551440836,0.0619836404926182,0.2581967213114754,8.0,-0.003437082929889111
1L2X,decoy_009,27.0,15.540987021900987,23.85289777088025,20.71904975431108,8.505537563715725,0.0071932966475858,14.0,24.776086882119905,0.0,0.0,0.0,43.0,0.1323076923076923,23.0,0.1210526315789473,8.938847017201823,74.0,31.0,43.0,0.4189189189189189,8.542891969202591,0.036367949034887,0.2131147540983606,11.0,0.009012385309395047
1L2X,decoy_010,27.0,15.074438711150783,19.307868919781043,20.207198325550507,7.976618389599268,0.0078820704609412,10.0,20.75294945864332,1.0,0.037037037037037,1.1006219180800076,41.0,0.1261538461538461,23.0,0.1210526315789473,9.227197865128325,71.0,22.0,49.0,0.3098591549295774,7.458584689718329,0.0360290982329409,0.2090163934426229,12.0,0.028800565176001932
1L2X,decoy_011,27.0,15.815910385049618,25.172952020075517,21.068968660502147,8.696342510990412,0.0068246624738036,14.0,22.287468250587416,0.0,0.0,0.0,39.0,0.12,18.0,0.0947368421052631,9.110450747260384,73.0,20.0,53.0,0.273972602739726,8.42573344347712,0.0352891369240991,0.2233606557377049,13.0,0.003999265684458811
1L2X,decoy_012,27.0,15.027534563246546,30.787257451834737,19.96921989011042,8.38183386893629,0.0079561059421263,10.0,21.11940085571912,0.0,0.0,0.0,46.0,0.1415384615384615,19.0,0.1,8.849237867522632,81.0,29.0,52.0,0.3580246913580246,6.665233464568455,0.0435920138640681,0.2151639344262295,10.0,0.003717268209273144
1L2X,decoy_013,27.0,13.908656451979397,29.833662377668603,18.683504551352055,7.260091681519915,0.0100347885094219,18.0,24.60262306953254,0.0,0.0,0.0,51.0,0.1569230769230769,26.0,0.1368421052631579,9.049472499486097,105.0,37.0,68.0,0.3523809523809524,8.579175222676358,0.0330015550502955,0.1987704918032786,14.0,-0.013089639633642404
1L2X,decoy_014,27.0,15.131791708525476,33.9359696798736,20.04997697865524,8.576352772395751,0.0077927851087128,12.0,20.969186726143644,1.0,0.037037037037037,1.4093137037459684,62.0,0.1907692307692307,39.0,0.2052631578947368,9.258461386718372,96.0,28.0,68.0,0.2916666666666667,8.88226199585157,0.0253149544973372,0.221311475409836,16.0,0.02585963962717493
1L2X,decoy_015,27.0,16.178850357659847,20.8237564541166,21.44456619423744,9.15292269342023,0.006375596002881,15.0,28.64320940084774,1.0,0.037037037037037,0.0596971836740367,46.0,0.1415384615384615,31.0,0.1631578947368421,8.681023471630567,71.0,20.0,51.0,0.2816901408450704,11.30381363070729,0.0268786036168387,0.1577868852459016,15.0,0.007774003813325036
1L2X,decoy_016,27.0,18.921302892331195,31.56080277292429,25.53830021294898,9.558571964082116,0.0039857554647942,21.0,32.62617219411473,0.0,0.0,0.0,21.0,0.0646153846153846,13.0,0.0684210526315789,8.448039717550191,38.0,17.0,21.0,0.4473684210526316,11.282416852820145,0.0152062054121908,0.1147540983606557,21.0,0.005316050099033086
1L2X,decoy_017,27.0,18.419995902724235,21.893271535992717,24.76331890190156,9.564007870205646,0.0043201136926544,18.0,28.754174403127298,0.0,0.0,0.0,26.0,0.08,10.0,0.0526315789473684,9.351807662820365,50.0,23.0,27.0,0.46,11.402470547365043,0.0243402710222905,0.1434426229508196,17.0,0.0078044541518067
1L2X,decoy_018,27.0,17.275411387733154,30.91668751730516,23.101941528884048,9.280995931988546,0.0052369517110566,16.0,32.52399574876465,0.0,0.0,0.0,24.0,0.0738461538461538,11.0,0.0578947368421052,9.135502794583305,60.0,14.0,46.0,0.2333333333333333,11.668601804993203,0.0189200874231841,0.1229508196721311,20.0,0.07242260726598725
1L2X,decoy_019,27.0,18.764136424740222,17.253913872627418,25.275512120644716,9.613437539346634,0.0040867495042535,21.0,36.66712929598821,2.0,0.074074074074074,0.5153799551462619,22.0,0.0676923076923076,13.0,0.0684210526315789,8.354103725367434,46.0,16.0,30.0,0.3478260869565217,14.5060649396023,0.0080505558164339,0.0881147540983606,28.0,0.01959819097677261
1L2X,decoy_020,27.0,20.436493552592456,42.21656518066398,27.44692009119695,10.6814820463194,0.0031633308468916,22.0,33.262235455683516,0.0,0.0,0.0,18.0,0.0553846153846153,11.0,0.0578947368421052,8.63104145381002,32.0,9.0,23.0,0.28125,13.298788917404288,0.0113584621500788,0.0778688524590164,23.0,0.05401728786469453
1L2X,decoy_021,27.0,19.78025929804912,39.763711287211706,25.87245831807344,11.967875175401108,0.0034887337192808,20.0,35.7448716212915,0.0,0.0,0.0,34.0,0.1046153846153846,21.0,0.1105263157894736,9.35082308092434,62.0,18.0,44.0,0.2903225806451613,15.35572227364273,0.0189401002739565,0.0840163934426229,19.0,0.021374949416059545
1L2X,decoy_022,27.0,18.966365021491193,52.47681542833942,25.216284276538232,10.547796533182948,0.003957413675774,23.0,35.17309799254642,1.0,0.037037037037037,1.8051077339202872,28.0,0.0861538461538461,15.0,0.0789473684210526,8.911879314935389,56.0,17.0,39.0,0.3035714285714285,13.686944299382684,0.0095534741356938,0.0942622950819672,25.0,-0.008893792858091743
1L2X,decoy_023,27.0,18.729915695260424,44.15619397645506,24.97026442006845,10.251377637200484,0.0041091906980079,23.0,36.24226947491458,0.0,0.0,0.0,38.0,0.1169230769230769,19.0,0.1,8.66224981487467,58.0,23.0,35.0,0.396551724137931,15.663501235191331,0.0082314769517642,0.0614754098360655,27.0,-0.007646239490723387
1L2X,decoy_024,27.0,20.643567028242323,30.14468093590692,27.07951707776715,12.320502060796963,0.0030690893975381,20.0,36.821711318712495,0.0,0.0,0.0,27.0,0.083076923076923,14.0,0.0736842105263157,8.562104281865198,52.0,13.0,39.0,0.25,16.161228961747636,0.0082427919816049,0.0676229508196721,26.0,0.03038403017829098
1L2X,decoy_025,27.0,18.82122649150709,24.61568747105575,25.38732960727837,9.550379532340452,0.0040496734166112,24.0,39.19938053665063,1.0,0.037037037037037,0.1469078187728074,23.0,0.0707692307692307,12.0,0.0631578947368421,9.231628326687067,53.0,17.0,36.0,0.320754716981132,15.690199579077698,0.0127864698102939,0.096311475409836,22.0,-0.004257941486277674
1L2X,decoy_026,27.0,24.162461515829275,25.56023645712045,32.363639332804816,12.851207050090409,0.0019139925286283,22.0,45.31875173036822,0.0,0.0,0.0,12.0,0.0369230769230769,6.0,0.031578947368421,9.333908113093726,23.0,7.0,16.0,0.3043478260869565,17.948840580815656,0.0111365956726222,0.0348360655737704,24.0,0.06239886799504838
1L2X,decoy_027,27.0,27.01134361968835,31.47918483942232,35.39364223342485,16.206156557318064,0.0013700146174161,24.0,48.09641301698364,0.0,0.0,0.0,11.0,0.0338461538461538,2.0,0.0105263157894736,9.893228222823886,27.0,12.0,15.0,0.4444444444444444,22.56418304796885,0.0066379973999269,0.0348360655737704,29.0,0.24267814531224297
1L2X,decoy_028,27.0,22.953312130210257,30.070781245623728,30.47445749631806,12.866382084066675,0.002232686141682,22.0,45.015930529735705,0.0,0.0,0.0,12.0,0.0369230769230769,8.0,0.0421052631578947,8.390931653794604,30.0,11.0,19.0,0.3666666666666666,16.478081492565227,0.0239346358003332,0.0491803278688524,18.0,0.06274106078217055
1L2X,decoy_029,27.0,23.76148240670799,36.64297176025474,31.50730850929227,13.414059452505404,0.0020125337386228,25.0,61.387833204785395,2.0,0.074074074074074,0.5437277827512763,14.0,0.043076923076923,8.0,0.0421052631578947,7.471180030669389,32.0,15.0,17.0,0.46875,20.323183784161287,0.0060112487936508,0.0368852459016393,30.0,0.06539945339670086
1L2X,decoy_030,27.0,22.230732104781364,24.760996910493994,29.45741493980346,12.597119064807591,0.0024575506004193,22.0,45.526379745719176,0.0,0.0,0.0,19.0,0.0584615384615384,11.0,0.0578947368421052,8.996725485512295,45.0,13.0,32.0,0.2888888888888888,20.423234185505994,0.0046622033818724,0.0532786885245901,31.0,0.0671120192374161
2KOC,native,14.0,11.517794883331176,15.155110227246784,15.783832689934888,6.0497101284376305,0.0091626271674653,0.0,6.928032115976368,0.0,0.0,0.0,9.0,0.1153846153846153,0.0,0.0,10.721868762628226,22.0,11.0,11.0,0.5,2.9309602482948323e-15,1.0,1.0,1.0,0.4739748482701982
2KOC,decoy_001,14.0,12.017421316248653,13.936951647320916,16.481273463092627,6.278747719546491,0.008066667824442,0.0,10.460802581327318,0.0,0.0,0.0,8.0,0.1025641025641025,0.0,0.0,10.71212415561724,17.0,8.0,9.0,0.4705882352941176,1.5349800817022576,0.1526062019853873,0.6904761904761905,2.0,0.4038954897486696
2KOC,decoy_002,14.0,11.768810957033594,14.949261918912196,16.295742558516892,5.724250610355825,0.0085887561984077,0.0,10.116442663766016,0.0,0.0,0.0,5.0,0.0641025641025641,0.0,0.0,10.585526051552788,18.0,9.0,9.0,0.5,2.076657450707164,0.0956256009600101,0.6130952380952381,3.0,0.4739748482701982
2KOC,decoy_003,14.0,10.641368088512694,7.894210591167408,14.408856656676008,6.02358864594203,0.0116181141126887,2.0,13.194992134677522,0.0,0.0,0.0,23.0,0.2948717948717949,8.0,0.3809523809523809,9.00176967682458,31.0,17.0,14.0,0.5483870967741935,5.187762745537003,0.0222315829440458,0.494047619047619,7.0,-0.13629531121549962
2KOC,decoy_004,14.0,10.95282550446453,19.665170931558105,15.073981630632789,5.582106262710218,0.0106549037063354,0.0,11.432535062331066,0.0,0.0,0.0,14.0,0.1794871794871795,3.0,0.1428571428571428,9.412017578515174,24.0,11.0,13.0,0.4583333333333333,3.435936256262337,0.0254288339511657,0.3809523809523809,4.0,0.22036101891388662
2KOC,decoy_005,14.0,11.719621773279911,18.454245882098032,15.871180450976262,6.628378212409935,0.0086973560120022,1.0,14.205248628931235,0.0,0.0,0.0,13.0,0.1666666666666666,4.0,0.1904761904761904,9.02771332667629,32.0,15.0,17.0,0.46875,5.030996333450756,0.015324651719181,0.3511904761904761,9.0,0.24316906432342586
2KOC,decoy_006,14.0,10.59133970689236,12.89588394146582,14.521838383720784,5.543201515040195,0.0117835281002352,2.0,18.61204810905898,0.0,0.0,0.0,23.0,0.2948717948717949,5.0,0.238095238095238,9.320605382653952,35.0,17.0,18.0,0.4857142857142857,6.734783805538644,0.0250451636185766,0.369047619047619,5.0,-0.09362201271608682
2KOC,decoy_007,14.0,12.467844300623677,10.412799005080354,17.030138339657746,6.6920561853714595,0.0072236039206934,3.0,18.318907117332884,0.0,0.0,0.0,11.0,0.141025641025641,2.0,0.0952380952380952,8.842344524163222,23.0,11.0,12.0,0.4782608695652174,5.109985339154222,0.0185095533643633,0.3988095238095238,8.0,-0.01935553258189748
2KOC,decoy_008,14.0,14.91541085389751,22.92075423491732,20.69273047215538,7.139743796433853,0.0042191248138915,6.0,22.281544413735492,0.0,0.0,0.0,5.0,0.0641025641025641,3.0,0.1428571428571428,10.846999075990553,6.0,1.0,5.0,0.1666666666666666,6.501304336296113,0.0134839937085183,0.1845238095238095,10.0,0.057480257097409164
2KOC,decoy_009,14.0,13.284323744811324,9.319972477776776,18.15014844644289,7.118170972031589,0.0059718608883011,5.0,23.645266246363935,0.0,0.0,0.0,12.0,0.1538461538461538,5.0,0.238095238095238,9.360458971334625,22.0,14.0,8.0,0.6363636363636364,7.787769376729265,0.0058485418776745,0.1428571428571428,19.0,-0.03818028687773364
2KOC,decoy_010,14.0,14.118592241551475,19.505952182353653,19.18731457333087,7.821964074431758,0.0049745505547623,4.0,23.550431023552957,0.0,0.0,0.0,12.0,0.1538461538461538,2.0,0.0952380952380952,9.304153572734116,17.0,7.0,10.0,0.4117647058823529,6.0198949969076505,0.0222801334421986,0.2261904761904762,6.0,-0.017437869671476758
2KOC,decoy_011,14.0,11.27662742204586,13.574839616369042,15.336811114976054,6.218545780683517,0.0097631585112609,5.0,23.39244864540111,0.0,0.0,0.0,21.0,0.2692307692307692,7.0,0.3333333333333333,8.95022781526299,29.0,12.0,17.0,0.4137931034482758,6.511978629580452,0.0092197723658201,0.3214285714285714,13.0,-0.0245323322579085
2KOC,decoy_012,14.0,15.101948503802046,22.47084855269595,20.996258660214792,7.0980514697578245,0.0040647054561326,8.0,29.176437493003537,0.0,0.0,0.0,4.0,0.0512820512820512,0.0,0.0,7.70588149745425,8.0,2.0,6.0,0.25,8.75041084373922,0.0090982426741284,0.1428571428571428,14.0,-0.0013251569605992246
2KOC,decoy_013,14.0,12.525678265401432,16.202294450268962,17.118321178151213,6.699674439710136,0.0071240060366536,8.0,19.00110827759192,0.0,0.0,0.0,15.0,0.1923076923076923,7.0,0.3333333333333333,8.246871048937347,21.0,8.0,13.0,0.3809523809523809,7.459739244288136,0.0078984168553478,0.1785714285714285,16.0,-0.01004568802373474
2KOC,decoy_014,14.0,14.994563656787122,9.250986088813065,20.469485456666614,8.078634909531122,0.0041526615694625,9.0,27.971157561996044,0.0,0.0,0.0,10.0,0.1282051282051282,6.0,0.2857142857142857,8.465425157999542,16.0,7.0,9.0,0.4375,10.046512139558589,0.005853789469973,0.1845238095238095,18.0,-0.012008795048145596
2KOC,decoy_015,14.0,15.73015731871996,29.678186554950447,21.59083963166477,8.171823784780491,0.0035969039218025,12.0,25.99421374615874,0.0,0.0,0.0,9.0,0.1153846153846153,1.0,0.0476190476190476,8.698517973932686,16.0,3.0,13.0,0.1875,11.088208836172532,0.0027883732181316,0.119047619047619,24.0,-0.013850444524616529
2KOC,decoy_016,14.0,16.92141415097281,20.602309697432982,23.263880296535714,8.689753242733422,0.002889469208411,10.0,28.591028610175066,0.0,0.0,0.0,4.0,0.0512820512820512,0.0,0.0,9.01361926230997,10.0,4.0,6.0,0.4,10.486315271174831,0.0110291870379737,0.0833333333333333,12.0,-0.01586254069131334
2KOC,decoy_017,14.0,19.219801862418095,17.95488378664605,25.545262903805245,11.961270844940213,0.0019718837906853,10.0,38.17493541988748,0.0,0.0,0.0,5.0,0.0641025641025641,0.0,0.0,8.320890719341715,9.0,3.0,6.0,0.3333333333333333,12.267550603543269,0.0128750191631965,0.1369047619047619,11.0,0.025813698797685775
2KOC,decoy_018,14.0,19.004588133471405,34.89644044189718,26.174627747238215,9.633425675764792,0.0020396359096805,11.0,28.67216406128482,0.0,0.0,0.0,5.0,0.0641025641025641,1.0,0.0476190476190476,10.287066416616224,10.0,4.0,6.0,0.4,13.787947761415712,0.0021447706147502,0.0952380952380952,25.0,0.08826598925835344
2KOC,decoy_019,14.0,14.637603742994209,20.846681762046128,20.392923588446894,6.753557986143679,0.0044639372100952,11.0,23.717538445572035,0.0,0.0,0.0,7.0,0.0897435897435897,4.0,0.1904761904761904,8.218731733419446,15.0,9.0,6.0,0.6,11.28861258819598,0.0037131030111368,0.0714285714285714,22.0,-0.02129899973625684
2KOC,decoy_020,14.0,17.30932996346069,28.34588785395396,22.42975294296314,11.925866147806294,0.0026995244483892,10.0,39.589408228979586,0.0,0.0,0.0,14.0,0.1794871794871795,2.0,0.0952380952380952,8.997578146252513,18.0,8.0,10.0,0.4444444444444444,12.046097317555285,0.0084566761062288,0.1488095238095238,15.0,-0.0017531865072670254
2KOC,decoy_021,14.0,20.053426927088903,29.292811008494837,26.88691908390901,11.968338522444974,0.0017360500281127,11.0,41.19594028433384,0.0,0.0,0.0,4.0,0.0512820512820512,0.0,0.0,8.327182119711967,5.0,1.0,4.0,0.2,13.70156035764709,0.0076539231793334,0.1011904761904761,17.0,0.029868654055184192
2KOC,decoy_022,14.0,19.45134977453103,22.68295380600519,25.5245818522148,12.783356372603553,0.0019022991128729,10.0,37.98288439660394,0.0,0.0,0.0,8.0,0.1025641025641025,2.0,0.0952380952380952,8.298276025914175,17.0,7.0,10.0,0.4117647058823529,13.090346951863856,0.0028740373519516,0.119047619047619,23.0,0.008956197427468433
2KOC,decoy_023,14.0,20.01354754491969,29.43932371933852,27.10572259885026,11.313082353702857,0.0017464485816264,12.0,31.54813008987802,0.0,0.0,0.0,5.0,0.0641025641025641,2.0,0.0952380952380952,8.599290246223049,12.0,6.0,6.0,0.5,13.934011290496487,0.0043138679065006,0.0952380952380952,20.0,0.008732828446716566
2KOC,decoy_024,14.0,19.515787824021697,17.10165200074273,26.486572621250826,10.89899925932587,0.0018835179881249,11.0,45.805230279918334,0.0,0.0,0.0,3.0,0.0384615384615384,0.0,0.0,8.274952602995462,15.0,8.0,7.0,0.5333333333333333,17.883334664906485,0.0017817222336738,0.0416666666666666,27.0,0.014418353846019324
2KOC,decoy_025,14.0,24.180725088859703,22.280124609056003,32.20044855131485,14.916468733656275,0.0009901935131946,12.0,53.60700620720627,0.0,0.0,0.0,4.0,0.0512820512820512,1.0,0.0476190476190476,9.209570594987884,10.0,4.0,6.0,0.4,19.669581921536285,0.0040601432553129,0.0238095238095238,21.0,0.0354999710818639
2KOC,decoy_026,14.0,19.195068834091572,4.344582723901222,26.50620666094168,9.539762136573604,0.0019795159893264,12.0,41.09928976660629,0.0,0.0,0.0,7.0,0.0897435897435897,3.0,0.1428571428571428,8.673679224827426,10.0,8.0,2.0,0.8,15.361545309540444,0.0016537402142682,0.0654761904761904,28.0,-0.01429887321217502
2KOC,decoy_027,14.0,18.818207799568697,33.70766780248689,25.432778059910262,10.765892924761058,0.0021008413452486,10.0,43.37495992955151,0.0,0.0,0.0,9.0,0.1153846153846153,3.0,0.1428571428571428,9.489052166221915,15.0,7.0,8.0,0.4666666666666667,16.581526889359264,0.0016264836499332,0.0833333333333333,29.0,-0.03644313526264804
2KOC,decoy_028,14.0,23.968232789755113,30.8103143967584,33.1916121734431,11.646896526376736,0.0010167636075482,12.0,59.432575847925975,0.0,0.0,0.0,1.0,0.0128205128205128,0.0,0.0,6.402903579965352,3.0,2.0,1.0,0.6666666666666666,23.51073521486035,0.0010299667086667,0.0,30.0,0.029992701710611556
2KOC,decoy_029,14.0,22.508485489503773,17.042997830869016,30.84028818697972,11.835701701423924,0.001227691400438,13.0,43.66007944410372,0.0,0.0,0.0,3.0,0.0384615384615384,0.0,0.0,9.845656959562506,9.0,5.0,4.0,0.5555555555555556,19.482005805552287,0.0018967309624899,0.0178571428571428,26.0,0.09963567688930998
2KOC,decoy_030,14.0,21.81391595683079,15.329461915198266,29.679871014635857,12.000263963816256,0.0013487365564884,13.0,45.63926134167,0.0,0.0,0.0,3.0,0.0384615384615384,0.0,0.0,10.849393783223098,9.0,3.0,6.0,0.3333333333333333,19.908307508483,0.0008027493020962,0.0178571428571428,31.0,0.12614790095286138
1F7Y,native,57.0,21.584255905629277,15.549625397417136,27.9839721859164,12.85675238170098,0.0056684407489564,0.0,7.20412853855343,0.0,0.0,0.0,97.0,0.0629870129870129,43.0,0.0351020408163265,10.895042884774396,179.0,81.0,98.0,0.4525139664804469,8.347594555689847e-15,1.0,1.0,1.0,0.8110751972877748
1F7Y,decoy_001,57.0,21.642603925401577,13.360618364580471,28.058358392014025,12.894254046946278,0.0056227182350449,0.0,10.130608527419655,0.0,0.0,0.0,79.0,0.0512987012987013,44.0,0.0359183673469387,10.442913347292189,180.0,80.0,100.0,0.4444444444444444,1.73974892184159,0.704921453662602,0.6484375,2.0,0.8068972920305947
1F7Y,decoy_002,57.0,21.93493833408004,14.288493608427514,28.47449028038099,12.987304124280705,0.0054008933592581,0.0,11.29358649040673,0.0,0.0,0.0,84.0,0.0545454545454545,47.0,0.0383673469387755,10.379382323206809,175.0,75.0,100.0,0.4285714285714285,2.184298934802262,0.6248989528904351,0.5966796875,3.0,0.8068972920305947
1F7Y,decoy_003,57.0,21.98221803274323,10.354331389599055,28.657717546721432,12.744756834775917,0.005366119281297,2.0,15.999733850269616,1.0,0.0175438596491228,0.3249867934838923,84.0,0.0545454545454545,44.0,0.0359183673469387,9.779138712896646,174.0,78.0,96.0,0.4482758620689655,5.444618648476206,0.3548627081457816,0.435546875,5.0,0.3394517617777287
1F7Y,decoy_004,57.0,21.919002999930004,20.500661351662337,28.5188867173839,12.834218052245394,0.005412681435434,3.0,13.11346976357154,0.0,0.0,0.0,91.0,0.059090909090909,52.0,0.0424489795918367,9.54047556267274,174.0,72.0,102.0,0.4137931034482758,3.847420780494924,0.4061286932023502,0.3974609375,4.0,0.21467087318231362
1F7Y,decoy_005,57.0,22.115792821836138,13.60378512380196,28.60261169847577,13.325739814120316,0.00526947461911,7.0,16.170118097000785,0.0,0.0,0.0,90.0,0.0584415584415584,46.0,0.0375510204081632,9.515641955303233,175.0,81.0,94.0,0.4628571428571428,4.398988697577017,0.3477552552392718,0.33984375,6.0,0.25822108743570954
1F7Y,decoy_006,57.0,23.349444655247066,17.747549780613486,30.43874929053161,13.540567896628689,0.0044775989126171,12.0,21.95273289877944,0.0,0.0,0.0,78.0,0.0506493506493506,44.0,0.0359183673469387,9.190766573982083,148.0,59.0,89.0,0.3986486486486486,6.609454271361969,0.2843438434523431,0.2841796875,7.0,0.12770732451835595
1F7Y,decoy_007,57.0,22.43429202003627,12.290719799842542,29.17205431938106,13.174257963832982,0.0050482139161631,12.0,19.528775943766217,0.0,0.0,0.0,88.0,0.0571428571428571,48.0,0.0391836734693877,9.29766260549693,167.0,78.0,89.0,0.467065868263473,5.49642581592876,0.2461358983112115,0.3095703125,8.0,0.21595877007634431
1F7Y,decoy_008,57.0,22.23425797370932,13.417430584194678,28.98348003805707,12.897214195740036,0.0051856945814653,19.0,18.47890859581504,0.0,0.0,0.0,91.0,0.059090909090909,57.0,0.0465306122448979,9.463759723008408,158.0,76.0,82.0,0.4810126582278481,6.2301009981793225,0.2090838602955161,0.2314453125,9.0,0.17451570231419652
1F7Y,decoy_009,57.0,22.684799326499792,25.828748145906292,29.31996211185129,13.70834192958039,0.0048828123044288,20.0,18.928265144644364,2.0,0.0350877192982456,0.9834182795612344,87.0,0.0564935064935064,42.0,0.0342857142857142,8.706402170030188,185.0,81.0,104.0,0.4378378378378378,6.855104978637949,0.1931362932493728,0.2451171875,10.0,0.26584847846925125
1F7Y,decoy_010,57.0,22.889442003832652,11.671975198241336,29.83310226619596,13.28724133730237,0.0047530155897196,23.0,20.02539580194119,0.0,0.0,0.0,89.0,0.0577922077922077,54.0,0.0440816326530612,9.07166580003993,157.0,59.0,98.0,0.375796178343949,7.296102981699566,0.1694254235959923,0.2109375,11.0,0.09185379552837672
1F7Y,decoy_011,57.0,22.110008059348885,9.706298383140954,28.945084736795927,12.543763336738063,0.0052736117458437,29.0,22.340542492529337,0.0,0.0,0.0,83.0,0.0538961038961038,48.0,0.0391836734693877,8.936271752437039,175.0,88.0,87.0,0.5028571428571429,8.176363587163076,0.142998118086726,0.19140625,12.0,0.25274240547249227
1F7Y,decoy_012,57.0,23.982123231580143,27.075985271320683,31.08080641952609,14.311140268950496,0.0041324914609822,26.0,27.22597400752901,0.0,0.0,0.0,96.0,0.0623376623376623,56.0,0.0457142857142857,9.437021214094315,165.0,72.0,93.0,0.4363636363636363,9.49122586904608,0.1267075787650773,0.2265625,13.0,0.07020884060544316
1F7Y,decoy_013,57.0,24.042320769732537,12.918090934593645,31.09596578146609,14.482794293080913,0.0041015281270929,33.0,28.918696411221767,0.0,0.0,0.0,95.0,0.0616883116883116,59.0,0.0481632653061224,9.301286926249212,174.0,81.0,93.0,0.4655172413793103,10.127413157846744,0.1195368858145481,0.15234375,14.0,0.23079279828479002
1F7Y,decoy_014,57.0,23.900829435518386,23.19379466439267,31.44177017028883,13.20288442358592,0.0041748025279626,35.0,25.469135193297323,1.0,0.0175438596491228,1.547745887790574,58.0,0.0376623376623376,39.0,0.0318367346938775,8.6462331779083,129.0,55.0,74.0,0.4263565891472868,10.175558432712926,0.1058461724540203,0.119140625,15.0,0.08240676717919543
1F7Y,decoy_015,57.0,22.933740014617303,14.106803406553643,29.829603929301115,13.449600357974024,0.0047255264787158,37.0,32.78457621908766,2.0,0.0350877192982456,0.1923860880230785,94.0,0.061038961038961,67.0,0.0546938775510204,9.196449229154068,197.0,89.0,108.0,0.4517766497461929,10.96118582099244,0.0919427451321942,0.1728515625,16.0,0.2647252193608357
1F7Y,decoy_016,57.0,23.60244900127172,11.51448347310306,30.781495774517666,13.65819434261626,0.0043351452372618,43.0,28.520534920081772,2.0,0.0350877192982456,0.8067295900356668,88.0,0.0571428571428571,53.0,0.0432653061224489,8.800790785627274,164.0,78.0,86.0,0.4756097560975609,11.67407921042708,0.0861534893661813,0.1474609375,18.0,0.11108398901500745
1F7Y,decoy_017,57.0,25.25368328880526,23.338853398676605,32.87021983539973,14.758808221524768,0.0035391638300137,39.0,29.20965811900588,1.0,0.0175438596491228,0.1080117899823673,73.0,0.0474025974025974,44.0,0.0359183673469387,8.984066566732062,139.0,56.0,83.0,0.4028776978417266,11.318829012817924,0.0881556580894196,0.1259765625,17.0,0.0816631095180786
1F7Y,decoy_018,57.0,25.24108028915869,26.675240261165087,32.89685892680257,14.655202007107354,0.0035444678449056,41.0,36.28547555136501,1.0,0.0175438596491228,1.3977379148742997,70.0,0.0454545454545454,48.0,0.0391836734693877,9.072433238284978,143.0,52.0,91.0,0.3636363636363636,13.74677586595197,0.0844468375825466,0.1123046875,19.0,0.058945257878271186
1F7Y,decoy_019,57.0,24.093055942720355,25.58919865213597,31.44026632627607,13.899338292170157,0.0040756716503486,41.0,39.15981135453244,0.0,0.0,0.0,75.0,0.0487012987012987,53.0,0.0432653061224489,9.020695296014685,161.0,75.0,86.0,0.4658385093167702,12.14817550025907,0.0743613378752976,0.13671875,21.0,0.1278705937440134
1F7Y,decoy_020,57.0,25.043189166048013,24.849815118859016,32.69134188500825,14.42211606078198,0.0036291586472793,48.0,36.67283482260335,0.0,0.0,0.0,76.0,0.0493506493506493,45.0,0.036734693877551,8.694386696940217,159.0,65.0,94.0,0.4088050314465409,13.604858668178824,0.083380186554149,0.0869140625,20.0,0.06310571952434799
1F7Y,decoy_021,57.0,25.53145558830865,22.16735772389345,33.33367723599341,14.692071146465462,0.0034249018467408,48.0,44.70954968621442,1.0,0.0175438596491228,0.9260335627698972,69.0,0.0448051948051948,51.0,0.0416326530612244,9.033899825407191,135.0,65.0,70.0,0.4814814814814814,14.820426548775854,0.0643758263491103,0.0927734375,23.0,0.037530360009985594
1F7Y,decoy_022,57.0,27.217716022048833,32.55230427737041,35.836092676148446,14.961279379528962,0.0028269610192989,42.0,44.3270109216206,0.0,0.0,0.0,48.0,0.0311688311688311,34.0,0.0277551020408163,9.038431535821312,101.0,52.0,49.0,0.5148514851485149,16.64261661754281,0.0401575237193667,0.0712890625,29.0,0.055760324567445
1F7Y,decoy_023,57.0,26.497567134827648,38.54791799525077,34.64071768392696,15.143928115251056,0.0030637748877644,50.0,39.11711138355845,0.0,0.0,0.0,65.0,0.0422077922077922,41.0,0.033469387755102,9.21472776467871,119.0,47.0,72.0,0.3949579831932773,15.081485690579266,0.0682825242123206,0.0830078125,22.0,0.06498261055148395
1F7Y,decoy_024,57.0,27.516928310406875,10.051479166276838,36.05710919840988,15.533504253013106,0.0027357411220367,49.0,36.15083724095125,0.0,0.0,0.0,47.0,0.0305194805194805,29.0,0.0236734693877551,8.987245889035032,102.0,46.0,56.0,0.4509803921568627,15.1264967814965,0.0538353274559324,0.0810546875,24.0,0.04989365429996161
1F7Y,decoy_025,57.0,27.86066373207362,24.152197510657253,36.54264063373333,15.6457854881034,0.0026357273315499,51.0,52.98026249203022,0.0,0.0,0.0,52.0,0.0337662337662337,30.0,0.0244897959183673,9.046316083464674,101.0,44.0,57.0,0.4356435643564356,18.795134345157987,0.0328321319709103,0.05078125,30.0,0.04403199316942662
1F7Y,decoy_026,57.0,27.315457039092,19.97084987067198,35.79971324341259,15.40443338644687,0.0027967229175342,49.0,49.46637331260885,0.0,0.0,0.0,62.0,0.0402597402597402,45.0,0.036734693877551,9.163527173831806,116.0,51.0,65.0,0.4396551724137931,17.347778307270257,0.0491754369782336,0.0576171875,25.0,0.04621350906194185
1F7Y,decoy_027,57.0,28.553224987364228,44.60585880105276,37.43990938036744,16.060631387386163,0.0024485521232778,51.0,52.21360168131043,2.0,0.0350877192982456,0.5033221835963504,50.0,0.0324675324675324,36.0,0.0293877551020408,8.988954476561013,96.0,40.0,56.0,0.4166666666666667,19.260964843566324,0.0466994861161993,0.0361328125,26.0,0.04781278934077492
1F7Y,decoy_028,57.0,27.79385029246116,38.94469888481864,36.50189173645558,15.498301396590316,0.0026547810801259,48.0,53.51190799245801,1.0,0.0175438596491228,2.124920586320238,38.0,0.0246753246753246,27.0,0.0220408163265306,8.730148336311084,89.0,45.0,44.0,0.5056179775280899,17.808765652754396,0.0445234561164774,0.064453125,27.0,0.045980551134423044
1F7Y,decoy_029,57.0,27.04164610644644,14.572421495392728,35.305785970492124,15.560167705326691,0.0028825409187799,50.0,47.14719802637635,0.0,0.0,0.0,57.0,0.037012987012987,36.0,0.0293877551020408,8.682048604278812,130.0,62.0,68.0,0.4769230769230769,17.95101694842754,0.0412071772850116,0.0693359375,28.0,0.055884099003178034
1F7Y,decoy_030,57.0,31.159201831885003,23.03836840373364,41.08242454952842,16.99120251284771,0.0018841517699617,53.0,51.25499533010383,0.0,0.0,0.0,36.0,0.0233766233766233,19.0,0.0155102040816326,8.023821049052854,80.0,40.0,40.0,0.5,22.36925944360955,0.0241935544918814,0.0361328125,31.0,0.03623090462929506
2GIS,native,94.0,21.601055310753974,13.280428118099206,28.394653560442443,11.704245344649015,0.0093261618199893,0.0,7.10960174693351,0.0,0.0,0.0,221.0,0.0516596540439457,128.0,0.0342154504143277,10.275003170207723,465.0,154.0,311.0,0.3311827956989247,1.3723976232928844e-14,1.0,1.0,1.0,0.9417565846629804
2GIS,decoy_001,94.0,21.451475899322915,12.791343470817267,28.173784510627858,11.6818466849004,0.0095226170634172,0.0,9.548599602733088,0.0,0.0,0.0,225.0,0.0525946704067321,144.0,0.0384923817161186,9.85879145962368,499.0,169.0,330.0,0.3386773547094188,1.7315502446487083,0.8223374505236264,0.6586363636363636,2.0,0.6988926972930064
2GIS,decoy_002,94.0,21.515874889995224,16.241480519995772,28.29004716339031,11.640211411201992,0.0094373665322565,0.0,11.530916149712114,1.0,0.0106382978723404,1.0994660804218483,221.0,0.0516596540439457,152.0,0.0406308473670141,9.749646699524533,472.0,159.0,313.0,0.336864406779661,2.321917700165462,0.734747680501658,0.5822727272727273,3.0,0.5285236313816613
2GIS,decoy_003,94.0,22.824074183513172,15.454624657433024,29.95500840183613,12.481072544017504,0.0079058458649496,4.0,12.7717788789343,0.0,0.0,0.0,203.0,0.0474520804114072,125.0,0.0334135257952419,9.59803316986591,432.0,145.0,287.0,0.3356481481481481,4.923531689849598,0.4907506469966378,0.4290909090909091,6.0,0.39255740370431064
2GIS,decoy_004,94.0,21.859248023574807,9.019834213095717,28.72787592912316,11.85910774229934,0.0089995791366351,7.0,17.434264847533893,1.0,0.0106382978723404,2.138191214033834,224.0,0.0523609163160355,152.0,0.0406308473670141,9.473203671954552,461.0,138.0,323.0,0.2993492407809111,3.85504432309792,0.5406603485932686,0.4345454545454545,4.0,0.4257682906465952
2GIS,decoy_005,94.0,21.74666953167941,20.592375487092315,28.639433924914808,11.652826594286111,0.0091400714129271,5.0,13.686790420763334,1.0,0.0106382978723404,0.1295513217323427,222.0,0.0518934081346423,147.0,0.0392943063352044,9.540621811126956,472.0,156.0,316.0,0.3305084745762712,3.831271568205312,0.5374067288359535,0.4031818181818182,5.0,0.40963386594371504
2GIS,decoy_006,94.0,22.110146372477928,20.45849970679967,29.056402909825778,11.998153305810373,0.0086966701936555,14.0,19.41990831214935,2.0,0.0212765957446808,0.3191313956918358,198.0,0.0462833099579242,135.0,0.0360866078588612,9.467498644502149,451.0,149.0,302.0,0.3303769401330377,5.2139125374386515,0.4173904585634321,0.3445454545454545,7.0,0.3480865425200286
2GIS,decoy_007,94.0,22.562587838915064,22.804280616875246,29.765625266676867,11.962275801598732,0.0081839152538638,32.0,17.06321165995322,1.0,0.0106382978723404,1.9203913990090056,170.0,0.0397381954184198,119.0,0.0318096765570703,9.004019744234366,425.0,145.0,280.0,0.3411764705882353,5.648981175257181,0.3755345836646365,0.2672727272727273,8.0,0.2714353569119668
2GIS,decoy_008,94.0,23.017493282536712,15.234088427147936,30.258386057240056,12.467306167892811,0.0077082142669039,25.0,22.17771563129619,3.0,0.0319148936170212,0.9721501820867752,198.0,0.0462833099579242,133.0,0.0355519914461373,9.03710503006497,420.0,131.0,289.0,0.3119047619047619,6.253522200869236,0.3244832810729739,0.2631818181818182,9.0,0.26943159384800924
2GIS,decoy_009,94.0,21.49833936522813,15.59865693579373,28.31317125827401,11.517849142017951,0.0094604786702859,38.0,22.497644331159,1.0,0.0106382978723404,1.0876373084633129,255.0,0.0596072931276297,190.0,0.0507885592087677,9.102251095526093,540.0,178.0,362.0,0.3296296296296296,9.068932298501776,0.2494183167369409,0.2386363636363636,11.0,0.293194874564051
2GIS,decoy_010,94.0,22.89636481775432,5.199320182345257,30.281875330950328,11.948603450189946,0.0078311987240927,30.0,22.35026025419842,3.0,0.0319148936170212,1.3745253766117698,187.0,0.0437120149602618,128.0,0.0342154504143277,9.099669603331444,380.0,126.0,254.0,0.331578947368421,7.508231671476896,0.2602795949210326,0.1986363636363636,10.0,0.2651327869242104
2GIS,decoy_011,94.0,23.116008196124653,21.345221376588594,30.39018768275747,12.515093157975528,0.0076100819619386,42.0,23.30539879630294,4.0,0.0425531914893617,1.71887940841188,204.0,0.0476858345021037,140.0,0.0374231488906709,9.170235848850444,405.0,132.0,273.0,0.3259259259259259,7.921900432202802,0.2444201883077603,0.1968181818181818,12.0,0.211793299833792
2GIS,decoy_012,94.0,23.398548465212546,27.124370277415192,30.885985245704287,12.361799180406097,0.0073377194598686,59.0,33.217109467601034,5.0,0.0531914893617021,1.092998227604105,186.0,0.0434782608695652,136.0,0.0363539160652232,8.597834924039647,391.0,116.0,275.0,0.2966751918158568,9.379644589126793,0.2101312519194326,0.1745454545454545,13.0,0.20138310452662264
2GIS,decoy_013,94.0,25.163532594208437,20.05936227649622,32.90706840775446,14.040971151508105,0.0058994703738285,56.0,33.375475563082524,2.0,0.0212765957446808,0.2521590520744805,168.0,0.0392706872370266,123.0,0.032878909382518,8.814230099277356,366.0,132.0,234.0,0.360655737704918,9.871754664400637,0.1890449070920106,0.1345454545454545,14.0,0.22406822627391124
2GIS,decoy_014,94.0,24.812190538273885,22.58989643734343,32.72041101054226,13.187265638478303,0.0061536463102774,62.0,37.7169693776034,3.0,0.0319148936170212,0.5313339851834216,157.0,0.0366993922393641,105.0,0.0280673616680032,8.689346049773485,350.0,127.0,223.0,0.3628571428571429,11.204850035419168,0.1609179261516598,0.1313636363636363,17.0,0.24447930631182554
2GIS,decoy_015,94.0,26.76064387575191,13.492727246216376,34.718781035326856,15.565058759506735,0.0049049905818728,69.0,38.24340992185193,2.0,0.0212765957446808,0.2299784661883381,194.0,0.0453482935951379,133.0,0.0355519914461373,9.189219777670328,395.0,133.0,262.0,0.3367088607594937,11.41910529182823,0.1719957762587288,0.1513636363636363,15.0,0.2041182217666747
2GIS,decoy_016,94.0,24.402456116878568,19.03387785173902,32.15534729443512,13.030709421931297,0.0064688522551505,69.0,34.62622880728826,1.0,0.0106382978723404,0.1747901499372379,171.0,0.0399719495091164,134.0,0.0358192996524993,9.080973609569364,401.0,124.0,277.0,0.3092269326683292,11.61609180035154,0.1701248472089551,0.1377272727272727,16.0,0.19314162756936545
2GIS,decoy_017,94.0,26.28731526006107,28.29101405397965,34.41419612510423,14.579770255071423,0.005174747373278,78.0,33.859816773526916,3.0,0.0319148936170212,1.3832336939489756,187.0,0.0437120149602618,137.0,0.0366212242715851,9.22969142906482,355.0,119.0,236.0,0.3352112676056338,12.755510704875151,0.128184447808335,0.1063636363636363,18.0,0.20036842436132107
2GIS,decoy_018,94.0,25.6487355180775,30.18705041341636,33.89294755284258,13.45848615282867,0.0055709591734764,73.0,36.335739418708705,2.0,0.0212765957446808,0.8071924045779966,161.0,0.0376344086021505,116.0,0.0310077519379844,8.792934687244106,333.0,101.0,232.0,0.3033033033033033,13.647039404648224,0.1059533860025857,0.1086363636363636,22.0,0.22566354362141164
2GIS,decoy_019,94.0,26.72082801856152,9.915775938292557,35.29075868470833,14.06849484314652,0.0049269495818586,77.0,37.44665019566699,0.0,0.0,0.0,144.0,0.0336605890603085,106.0,0.0283346698743651,9.013776187340811,296.0,119.0,177.0,0.402027027027027,13.964263346557647,0.1118169787568845,0.0895454545454545,21.0,0.2261210607441738
2GIS,decoy_020,94.0,24.90835282934268,11.079970559296918,32.76140572138393,13.44934466802084,0.0060826499894637,66.0,38.71489338725589,1.0,0.0106382978723404,0.8768897440406489,191.0,0.0446470313230481,140.0,0.0374231488906709,8.829805264117612,394.0,120.0,274.0,0.3045685279187817,13.41150357401728,0.1230603835861174,0.1018181818181818,19.0,0.21590729919874135
2GIS,decoy_021,94.0,25.25308361041096,29.52042466463199,33.18038455200846,13.719071223181814,0.0058369315943785,75.0,38.02373270849918,3.0,0.0319148936170212,0.9827325473720894,172.0,0.0402057035998129,131.0,0.0350173750334135,8.959297095180341,375.0,135.0,240.0,0.36,13.945340577100351,0.1127174476040751,0.0995454545454545,20.0,0.20855385417238334
2GIS,decoy_022,94.0,27.479805710825012,5.2124051303501195,36.253985546515274,14.565971979733192,0.004529881905935,80.0,37.998281420684975,1.0,0.0106382978723404,1.284800425540088,143.0,0.0334268349696119,108.0,0.028869286287089,9.030464279281269,301.0,98.0,203.0,0.3255813953488372,15.072825661988317,0.086131618936871,0.0827272727272727,24.0,0.19293025437525357
2GIS,decoy_023,94.0,26.46364512069256,41.338144622493076,34.69057605630838,14.56961568628486,0.0050719955238438,82.0,43.44941432252936,0.0,0.0,0.0,168.0,0.0392706872370266,127.0,0.0339481422079657,9.023823933493334,343.0,125.0,218.0,0.3644314868804664,16.73489120457073,0.094247478310319,0.0772727272727272,23.0,0.17692349851957834
2GIS,decoy_024,94.0,29.15544450388035,9.604977521790362,38.093944628990414,16.346611268059146,0.0037928778147846,85.0,46.40210058776861,3.0,0.0319148936170212,0.8816970268698032,140.0,0.0327255726975222,111.0,0.0296712109061748,8.743364557069468,289.0,90.0,199.0,0.3114186851211072,17.801134124961486,0.0712295596674905,0.0554545454545454,27.0,0.18333346342553253
2GIS,decoy_025,94.0,28.33204220627171,26.515648541362253,36.94053453216379,16.064513826601676,0.0041332741629607,88.0,47.13256965414342,1.0,0.0106382978723404,1.2616551787240236,133.0,0.031089294062646,113.0,0.0302058273188986,9.034221861752243,297.0,85.0,212.0,0.2861952861952861,18.120950630097877,0.0725917076663231,0.0613636363636363,26.0,0.16054134272327902
2GIS,decoy_026,94.0,29.053583882331445,43.190478509812024,38.14744099241633,15.84762245915719,0.0038329108432225,87.0,48.41476858181385,2.0,0.0212765957446808,0.9509387593445168,124.0,0.0289855072463768,96.0,0.0256615878107457,9.031932534371208,278.0,86.0,192.0,0.3093525179856115,18.015833359903866,0.075377206998799,0.0645454545454545,25.0,0.18012228672512065
2GIS,decoy_027,94.0,28.903841936823436,45.352072689311186,38.1175298266777,15.358527227330026,0.003892791406046,84.0,68.69244868975206,3.0,0.0319148936170212,1.084475815086941,116.0,0.0271154745208041,88.0,0.0235231221598503,9.330717996918024,255.0,74.0,181.0,0.2901960784313726,19.36947274344268,0.065508835598387,0.0545454545454545,29.0,0.2345853035190075
2GIS,decoy_028,94.0,29.14071509473741,31.539019162846593,38.142697057479324,16.17897328560765,0.0037986321442943,83.0,54.24705269534392,1.0,0.0106382978723404,1.942118804638044,142.0,0.0331930808789153,105.0,0.0280673616680032,9.18382097331154,286.0,92.0,194.0,0.3216783216783216,18.74650806221121,0.0653476621242866,0.0618181818181818,30.0,0.18769326317824728
2GIS,decoy_029,94.0,28.40706677934693,29.105929356705733,37.500795164958824,14.998908544803172,0.0041006119873978,86.0,65.23424280653373,0.0,0.0,0.0,128.0,0.0299205236091631,85.0,0.0227211975407645,9.082685572626886,254.0,79.0,175.0,0.3110236220472441,18.407450406824168,0.0670585311585202,0.0486363636363636,28.0,0.17768041867797532
2GIS,decoy_030,94.0,32.542730234498585,46.41837333210302,42.78992916242474,17.60270910883366,0.0027275071347068,84.0,70.5479955682477,0.0,0.0,0.0,79.0,0.0184665731650303,62.0,0.0165731087944399,9.104949244751907,193.0,70.0,123.0,0.3626943005181347,22.48958241230541,0.0457708191312278,0.0381818181818181,31.0,0.15863561223436695
1EHZ,native,62.0,22.88988501012609,17.73216921304329,29.486177170417907,13.987051590949497,0.0051696466132367,5.0,16.392668788211395,0.0,0.0,0.0,92.0,0.0502732240437158,41.0,0.0276094276094276,10.829209256589662,201.0,80.0,121.0,0.3980099502487562,7.34091687651552e-15,1.0,1.0,1.0,0.6337143653166007
1EHZ,decoy_001,62.0,22.924579627795755,16.46936244866142,29.522276097445264,14.026354347617888,0.0051462105101875,5.0,15.1780021764995,1.0,0.0161290322580645,0.3905825695182239,87.0,0.0475409836065573,43.0,0.0289562289562289,10.314526450135782,211.0,78.0,133.0,0.3696682464454976,1.4903361126572812,0.786576107569375,0.6959459459459459,2.0,0.5721188229415551
1EHZ,decoy_002,62.0,23.137336528538988,17.38780434108955,29.75800165856086,14.236784459981155,0.0050055476430586,6.0,19.605580893356272,0.0,0.0,0.0,94.0,0.0513661202185792,46.0,0.0309764309764309,10.239000170763376,210.0,76.0,134.0,0.3619047619047619,2.3852129513730316,0.6200390365938621,0.5328185328185329,3.0,0.6286383359344035
1EHZ,decoy_003,62.0,22.581921804649767,20.64201039140185,29.223459168529644,13.512781650673436,0.0053840488520989,8.0,20.581584106287476,1.0,0.0161290322580645,0.1410267597256305,81.0,0.0442622950819672,43.0,0.0289562289562289,9.66287317586402,204.0,81.0,123.0,0.3970588235294117,3.8034861918088416,0.4545556363333098,0.4565637065637066,4.0,0.3045737502075113
1EHZ,decoy_004,62.0,23.342482001244036,13.133385496192696,30.166810040821368,14.056000218646927,0.004874730286332,9.0,17.477462965493046,0.0,0.0,0.0,88.0,0.048087431693989,46.0,0.0309764309764309,9.541775192679284,175.0,63.0,112.0,0.36,3.737243500220139,0.4357919287016726,0.3899613899613899,5.0,0.25240963793002447
1EHZ,decoy_005,62.0,22.714185714150737,15.164508126567402,29.29308227887649,13.809405215192497,0.0052905420738162,12.0,20.434276239148257,2.0,0.032258064516129,1.83149387027921,93.0,0.0508196721311475,52.0,0.035016835016835,9.71004811646112,219.0,86.0,133.0,0.3926940639269406,4.276398817994688,0.3787973155843598,0.3861003861003861,6.0,0.3759837991272352
1EHZ,decoy_006,62.0,23.708598306717647,19.74243442255706,30.770822827783007,13.992182119022258,0.0046523679365901,13.0,22.735474600040916,0.0,0.0,0.0,86.0,0.0469945355191256,42.0,0.0282828282828282,9.903029347980828,182.0,62.0,120.0,0.3406593406593406,5.394708570807829,0.3224471980697621,0.3252895752895753,7.0,0.39422793305065884
1EHZ,decoy_007,62.0,23.90522698981716,21.13693306140515,30.824070264197715,14.544168475414995,0.0045385076718159,18.0,25.721543294235044,2.0,0.032258064516129,1.6934462874208875,87.0,0.0475409836065573,47.0,0.0316498316498316,9.328088697916431,205.0,80.0,125.0,0.3902439024390244,6.033846449529178,0.2562988340860931,0.2741312741312741,8.0,0.22137348748653554
1EHZ,decoy_008,62.0,23.85694187497446,20.072674444111527,30.78718064728453,14.460900224167208,0.0045661205397671,25.0,23.02079232433272,2.0,0.032258064516129,1.7581434302441412,85.0,0.0464480874316939,50.0,0.0336700336700336,9.22386737062849,192.0,76.0,116.0,0.3958333333333333,6.486272055085901,0.220369577721517,0.2403474903474903,9.0,0.22371526776722395
1EHZ,decoy_009,62.0,23.980388650249783,20.187107534640468,31.05840762371502,14.295026766722648,0.0044959661954217,28.0,23.26675883455004,2.0,0.032258064516129,1.5227854365241018,116.0,0.0633879781420765,64.0,0.0430976430976431,8.87585712009968,197.0,74.0,123.0,0.3756345177664975,7.88989003871097,0.1894159040311505,0.2094594594594594,11.0,0.18443574132468957
1EHZ,decoy_010,62.0,23.61201924444136,13.04851869468131,30.57405821712114,14.091183710115155,0.0047096898035136,29.0,27.174913739524985,2.0,0.032258064516129,0.8857392696921034,93.0,0.0508196721311475,55.0,0.037037037037037,9.084484557609317,195.0,77.0,118.0,0.3948717948717948,7.304295068489886,0.2134335377294512,0.2162162162162162,10.0,0.14631728009483216
1EHZ,decoy_011,62.0,25.16588037787777,10.701232868167962,32.733194969411194,14.695089587340854,0.0038900510948132,34.0,26.02038375237777,2.0,0.032258064516129,1.0210484209347983,79.0,0.0431693989071038,36.0,0.0242424242424242,9.209465069897927,159.0,53.0,106.0,0.3333333333333333,8.322811931473264,0.1526689455057978,0.1862934362934363,12.0,0.15454093156630877
1EHZ,decoy_012,62.0,24.97098338845337,25.256563851713757,32.13938983977158,15.316785112040376,0.0039818486844059,29.0,27.988994247913347,0.0,0.0,0.0,82.0,0.0448087431693989,45.0,0.0303030303030303,9.158677295186356,185.0,68.0,117.0,0.3675675675675676,9.13041926276934,0.1347469100668427,0.1959459459459459,13.0,0.14253762147979737
1EHZ,decoy_013,62.0,24.668937644288494,26.34409483222239,32.09404622110205,14.388809463476573,0.0041299077207738,44.0,34.60156328707821,1.0,0.0161290322580645,1.9603685936950044,105.0,0.0573770491803278,67.0,0.0451178451178451,9.215263576202112,192.0,67.0,125.0,0.3489583333333333,10.82627152269442,0.1041166630502674,0.1525096525096525,16.0,0.09624963937424048
1EHZ,decoy_014,62.0,25.12115362900832,23.082381873576228,32.66550370936804,14.690149208075349,0.0039108661381054,39.0,31.453272817250117,1.0,0.0161290322580645,0.0833268284395014,91.0,0.0497267759562841,56.0,0.0377104377104377,8.897769518565129,148.0,53.0,95.0,0.3581081081081081,10.171350581527625,0.1046602449109311,0.166023166023166,15.0,0.10713393326747152
1EHZ,decoy_015,62.0,26.579258065037095,19.933840269697143,34.89828185545017,14.771132839717316,0.0033018940062705,44.0,34.64993844504258,0.0,0.0,0.0,63.0,0.0344262295081967,24.0,0.0161616161616161,8.576287610638914,134.0,49.0,85.0,0.3656716417910448,12.891364014310025,0.0750636965679785,0.1235521235521235,21.0,0.08492800830391861
1EHZ,decoy_016,62.0,25.712211980512382,13.67470244578817,33.671333385198004,14.4966545395903,0.0036473158146975,45.0,33.69925157602486,0.0,0.0,0.0,66.0,0.0360655737704918,45.0,0.0303030303030303,9.06871370742737,158.0,64.0,94.0,0.4050632911392405,12.10153927149452,0.0831928655651864,0.1158301158301158,20.0,0.08065416748741931
1EHZ,decoy_017,62.0,25.97251352374059,36.447820446782266,34.01299422406506,14.64159275500418,0.0035387488907971,41.0,38.094700612728936,0.0,0.0,0.0,60.0,0.0327868852459016,28.0,0.0188552188552188,9.188686828438591,143.0,59.0,84.0,0.4125874125874126,11.502483606916591,0.1062172350214791,0.1254826254826254,14.0,0.07045523070041065
1EHZ,decoy_018,62.0,26.22315121259307,23.21599653586218,34.03670813910268,15.471129232029009,0.0034382468332937,43.0,41.73046960661936,2.0,0.032258064516129,1.427687194486981,75.0,0.040983606557377,38.0,0.0255892255892255,8.77377795088112,158.0,54.0,104.0,0.3417721518987341,12.316419854453263,0.0892080100783083,0.1467181467181467,17.0,0.09968961044178878
1EHZ,decoy_019,62.0,26.89603599700213,11.575710807216955,34.872684268055316,15.950151188976855,0.0031865949051815,48.0,53.54202886060063,0.0,0.0,0.0,88.0,0.048087431693989,60.0,0.0404040404040404,9.30374847252507,154.0,59.0,95.0,0.3831168831168831,13.07335229033606,0.0843934354658953,0.1052123552123552,19.0,0.06609978727871563
1EHZ,decoy_020,62.0,27.26052165137556,30.541248603896783,35.462469405486814,15.907559874595329,0.0030604775848915,49.0,51.385269809429914,0.0,0.0,0.0,81.0,0.0442622950819672,57.0,0.0383838383838383,9.28591733525812,136.0,55.0,81.0,0.4044117647058823,13.733982486896204,0.0847192094413814,0.0955598455598455,18.0,0.05172508153743232
1EHZ,decoy_021,62.0,27.133854407957024,54.8418944338979,35.31116073379586,15.803583537145606,0.0031035390794071,54.0,44.42005122745791,1.0,0.0161290322580645,0.1655250647130679,75.0,0.040983606557377,48.0,0.0323232323232323,9.0643461961451,147.0,54.0,93.0,0.3673469387755102,15.369141563384902,0.0563865524718372,0.0781853281853282,25.0,0.08618177634699949
1EHZ,decoy_022,62.0,27.347083947055875,24.51314344267972,35.52691719601388,16.065000894373657,0.0030315072982017,50.0,43.76282066836232,1.0,0.0161290322580645,0.2511017118430061,70.0,0.0382513661202185,43.0,0.0289562289562289,8.938838781046647,152.0,67.0,85.0,0.4407894736842105,13.94471316657384,0.0724594065154924,0.0984555984555984,22.0,0.0820071554131771
1EHZ,decoy_023,62.0,26.292981304599422,25.710865006234265,34.338812148906,15.038416468099667,0.0034109251685156,57.0,44.46548467112461,1.0,0.0161290322580645,0.5082466882425369,72.0,0.0393442622950819,53.0,0.0356902356902356,9.066224727944633,163.0,70.0,93.0,0.4294478527607362,15.720378967122915,0.0569985225030218,0.0752895752895752,24.0,0.0750228325077434
1EHZ,decoy_024,62.0,27.433789908532248,24.90063583542688,35.86682709965466,15.603595795364646,0.0030028543253134,55.0,46.99291771421544,0.0,0.0,0.0,70.0,0.0382513661202185,50.0,0.0336700336700336,9.009128881437473,146.0,64.0,82.0,0.4383561643835616,17.07776725254881,0.055105994777109,0.0675675675675675,26.0,0.061357632358622696
1EHZ,decoy_025,62.0,28.522533974302966,33.64522065111735,36.9089285940965,17.072614197281432,0.002671944119513,54.0,46.70282246049565,1.0,0.0161290322580645,1.4711858019126751,82.0,0.0448087431693989,64.0,0.0430976430976431,8.79780120086295,151.0,51.0,100.0,0.3377483443708609,18.291429372298584,0.0448692407267187,0.0888030888030888,27.0,0.07836124999420606
1EHZ,decoy_026,62.0,30.131095225050043,16.79305392270195,39.1049188116868,17.785886992073138,0.0022664541382716,53.0,53.82280747931716,1.0,0.0161290322580645,1.1365532359727777,69.0,0.0377049180327868,48.0,0.0323232323232323,8.956952240586562,136.0,58.0,78.0,0.4264705882352941,17.32969822822905,0.0647960823949295,0.0888030888030888,23.0,0.07159109500368713
1EHZ,decoy_027,62.0,27.143666247539773,37.175494319300284,35.33524852345428,15.783983099342388,0.0031001747120688,55.0,45.26839729314064,1.0,0.0161290322580645,0.3213374631326746,83.0,0.0453551912568306,60.0,0.0404040404040404,8.72986502303762,167.0,70.0,97.0,0.4191616766467065,17.82732000308097,0.0426408114411007,0.0588803088803088,28.0,0.08849349071912699
1EHZ,decoy_028,62.0,30.356851837341715,33.62597703484849,39.04856221747641,18.668183393685,0.0022162640231434,56.0,59.07153802668067,0.0,0.0,0.0,65.0,0.0355191256830601,48.0,0.0323232323232323,8.853440752882975,128.0,49.0,79.0,0.3828125,18.941608625317095,0.0371250651427657,0.0482625482625482,31.0,0.05159511055667057
1EHZ,decoy_029,62.0,32.06408177775709,25.416783897761828,41.80875681161147,18.49180646071169,0.0018807681733975,58.0,46.486280359063954,2.0,0.032258064516129,1.4397272611533038,39.0,0.021311475409836,30.0,0.0202020202020202,7.65150504463475,83.0,32.0,51.0,0.3855421686746988,20.284286125920293,0.0422996032753677,0.0434362934362934,29.0,0.0488474337841374
1EHZ,decoy_030,62.0,29.921382441809573,26.04073418524048,39.17542366332115,16.888403628931886,0.002314444250306,59.0,63.18067342325549,0.0,0.0,0.0,57.0,0.0311475409836065,32.0,0.0215488215488215,8.913436301157965,95.0,40.0,55.0,0.4210526315789473,18.04313263732253,0.0392536840364727,0.0386100386100386,30.0,0.03707611131381153
2GDI,native,156.0,38.85163127815275,114.33810967914415,48.26850981370972,26.618156038038777,0.0026600930170374,1.0,113.83859103572918,0.0,0.0,0.0,383.0,0.0320904901550062,193.0,0.0175040812624705,10.11737117313404,801.0,327.0,474.0,0.4082397003745318,5.0712413590756614e-15,1.0,1.0,1.0,0.9150075837040651
2GDI,decoy_001,156.0,38.88544090572962,115.71687715419844,48.32888326209562,26.607982807990172,0.0026531604547949,1.0,113.06119977463064,3.0,0.0192307692307692,2.184779949462265,351.0,0.0294093003770423,192.0,0.0174133865409033,9.80424767417256,802.0,337.0,465.0,0.4201995012468827,1.6535304764291785,0.8943823032600529,0.6712184873949579,2.0,0.8789397480296223
2GDI,decoy_002,156.0,38.93516601906691,117.73338743648732,48.42554940678029,26.578583087535343,0.0026430081708881,1.0,111.76594780291856,2.0,0.0128205128205128,0.3289454688048576,344.0,0.0288227901131126,183.0,0.0165971340467984,9.741092768035786,799.0,320.0,479.0,0.4005006257822278,2.299679510905414,0.8215576589859483,0.5871848739495799,3.0,0.7864463793033437
2GDI,decoy_003,156.0,39.09597066260434,113.12723985533076,48.94915468893196,26.090086517002756,0.0026105294560695,7.0,110.47989958497875,1.0,0.0064102564102564,0.286735828060356,336.0,0.0281524926686217,188.0,0.0170506076546345,9.649779565947114,719.0,292.0,427.0,0.4061196105702364,5.168562193341849,0.6034430000637803,0.4154411764705882,5.0,0.6416987340065844
2GDI,decoy_004,156.0,38.73804707066953,116.52780310696096,48.119837412529264,26.55403694365043,0.0026835607471094,6.0,110.95494627208274,2.0,0.0128205128205128,2.129497160239092,400.0,0.0335148722245496,239.0,0.0216760384545619,9.487904254977057,869.0,349.0,520.0,0.4016110471806674,3.5354955159093255,0.6793829974038323,0.4445903361344538,4.0,0.6643719532027608
2GDI,decoy_005,156.0,39.36461803949022,118.4337657844709,49.06832752958953,26.67283323047468,0.0025574460034318,18.0,115.35571213315328,2.0,0.0128205128205128,2.4034098216928728,356.0,0.0298282362798491,217.0,0.0196807545800834,9.287202411559983,756.0,290.0,466.0,0.3835978835978836,4.533411360887606,0.5884261610594215,0.3613445378151261,6.0,0.5106574183523427
2GDI,decoy_006,156.0,39.815638124677456,113.32573568309564,49.47595036885218,27.26088231291811,0.0024715167419463,31.0,113.2828625981048,7.0,0.0448717948717948,2.6105772113763654,373.0,0.0312526183493925,241.0,0.0218574278976963,8.963240849072955,831.0,307.0,524.0,0.3694344163658243,7.006397577299218,0.4840210180026374,0.3001575630252101,8.0,0.463862275823313
2GDI,decoy_007,156.0,39.82858076391658,115.67952854621448,49.54759250080836,27.16866504387901,0.0024691081030756,29.0,117.1034719760984,2.0,0.0128205128205128,0.7200016759511647,351.0,0.0294093003770423,224.0,0.0203156176310538,9.143355633231335,761.0,309.0,452.0,0.4060446780551905,5.481458052681248,0.5013888236444988,0.3119747899159664,7.0,0.4792773445872367
2GDI,decoy_008,156.0,39.098471953087575,110.82531332467244,48.8104139251175,26.356205140689543,0.0026100284691177,53.0,112.67290872609516,7.0,0.0448717948717948,1.4320367758792707,366.0,0.0306661080854629,243.0,0.0220388173408307,9.152781584464185,779.0,296.0,483.0,0.37997432605905,6.321729523556049,0.4376470687525599,0.2754726890756303,9.0,0.310785255644819
2GDI,decoy_009,156.0,39.673831073035515,115.99604980847624,49.62766583395681,26.55993922068462,0.002498113572276,67.0,108.47915233907548,5.0,0.032051282051282,1.8330777767978124,349.0,0.0292417260159195,207.0,0.0187738073644113,9.289369136969968,684.0,267.0,417.0,0.3903508771929824,7.5548534705326755,0.3674376303768382,0.2297794117647059,11.0,0.33178003762624125
2GDI,decoy_010,156.0,39.23973151504957,102.35571667304312,49.03826753168591,26.35581913776556,0.0025819422055248,61.0,109.97526774036936,3.0,0.0192307692307692,1.110294324747641,388.0,0.0325094260578131,256.0,0.0232178487212044,9.097371578973986,747.0,277.0,470.0,0.3708165997322624,7.272260498000239,0.3799199405114409,0.2245273109243697,10.0,0.3104021222129624
2GDI,decoy_011,156.0,40.12451115407627,115.28994667987872,50.323890011372775,26.612643119441184,0.0024148787802136,73.0,112.3980045131264,4.0,0.0256410256410256,1.884595236191823,306.0,0.0256388772517804,208.0,0.0188645020859785,8.71812772699405,639.0,240.0,399.0,0.3755868544600939,8.516318443576363,0.3192974699619483,0.1922268907563025,12.0,0.28147251693544456
2GDI,decoy_012,156.0,40.64005788926925,123.91632434640164,50.87411771434433,27.136026046550487,0.0023241365717751,85.0,110.68471247638414,4.0,0.0256410256410256,1.1580809660395102,327.0,0.0273984080435693,231.0,0.0209504806820243,8.863192496699249,651.0,268.0,383.0,0.4116743471582181,9.866024047099238,0.2666203534057359,0.1567752100840336,14.0,0.21949695276063644
2GDI,decoy_013,156.0,39.9967619715324,105.17313610260828,50.062339055100665,26.71864449577476,0.0024380920478919,87.0,117.43776443463923,5.0,0.032051282051282,1.151222805647501,319.0,0.0267281105990783,203.0,0.0184110284781425,8.901972155202829,718.0,296.0,422.0,0.4122562674094707,9.420667493977245,0.2798637194227664,0.1788340336134453,13.0,0.2326092731339949
2GDI,decoy_014,156.0,40.19024257213694,133.55117764053105,50.49446984830901,26.488898022923696,0.0024030494956552,95.0,117.20133434321144,3.0,0.0192307692307692,1.8770949002664628,296.0,0.0248010054461667,174.0,0.0157808815526936,8.862681041785095,653.0,268.0,385.0,0.4104134762633997,10.546829979039666,0.2423815364391148,0.1444327731092436,15.0,0.22775947121995047
2GDI,decoy_015,156.0,41.004872713666686,127.31446983109628,51.369966741818786,27.306064674443373,0.002262654241405,120.0,117.82171669088656,12.0,0.0769230769230769,1.1459427832909954,402.0,0.0336824465856723,288.0,0.0261200798113549,8.8333537314085,736.0,308.0,428.0,0.4184782608695652,12.1959170881884,0.2016285934208493,0.1200105042016806,17.0,0.16077353515722623
2GDI,decoy_016,156.0,40.15935379205338,113.5178566198852,50.48475271909482,26.413010431783587,0.0024085987164957,102.0,107.67818437545084,7.0,0.0448717948717948,1.5154042629717783,333.0,0.0279011311269375,226.0,0.0204970070741882,8.720372056908165,680.0,286.0,394.0,0.4205882352941176,11.706906455594345,0.1982370545610262,0.1318277310924369,18.0,0.21943603249447688
2GDI,decoy_017,156.0,40.772792894354865,112.2350604813866,51.57918496597042,26.18930216646837,0.0023015118469948,117.0,120.35523120298372,3.0,0.0192307692307692,1.6127230886312651,278.0,0.023292836196062,203.0,0.0184110284781425,8.889907785224509,565.0,241.0,324.0,0.4265486725663717,12.347047794410171,0.1892911103005532,0.1102941176470588,19.0,0.18585153979449942
2GDI,decoy_018,156.0,42.136129062109816,129.39950108682064,53.28790351515175,27.096404916695917,0.0020852623000547,115.0,107.3519569746996,3.0,0.0192307692307692,0.7496864223826121,245.0,0.0205278592375366,156.0,0.0141483765644839,9.030177518643075,486.0,171.0,315.0,0.3518518518518518,13.109774228438098,0.2020012828675528,0.1089810924369747,16.0,0.1678293383917735
2GDI,decoy_019,156.0,41.275072613185365,121.65440683979644,51.98074470760273,26.96753161793518,0.0022185083131929,130.0,138.34974402879467,4.0,0.0256410256410256,0.4974271329241215,320.0,0.0268118977796397,239.0,0.0216760384545619,9.073701675531286,618.0,251.0,367.0,0.4061488673139158,13.835132763399658,0.1782355749789891,0.0992647058823529,20.0,0.14761175461689333
2GDI,decoy_020,156.0,41.00312282268579,112.40592424610448,51.986101043417435,26.10844858628057,0.0022629439437707,124.0,119.576647181572,5.0,0.032051282051282,0.9851059232134104,290.0,0.0242982823627984,197.0,0.0178668601487393,8.646468261124118,584.0,246.0,338.0,0.4212328767123288,14.28008998902645,0.176420007917052,0.1016281512605042,21.0,0.15375606483327917
2GDI,decoy_021,156.0,42.88535720263508,126.72206143102376,54.0329267288863,27.972872063578627,0.0019778689061697,118.0,108.26947516760546,3.0,0.0192307692307692,0.9489060901869326,267.0,0.0223711772098868,182.0,0.0165064393252312,8.82274053743392,569.0,232.0,337.0,0.4077328646748682,14.789895176625752,0.1534105503521981,0.0974264705882353,23.0,0.15350367910285118
2GDI,decoy_022,156.0,40.75789011698971,95.74872111928744,51.54378860401268,26.21228683227398,0.0023040373551503,126.0,108.7641659529644,5.0,0.032051282051282,0.9651287246176788,311.0,0.0260578131545873,234.0,0.0212225648467259,8.606209872266291,632.0,259.0,373.0,0.4098101265822785,14.986237754926712,0.1462641828058191,0.1037289915966386,24.0,0.14689073749448253
2GDI,decoy_023,156.0,41.888583612118026,127.89654986536128,52.94171372865222,27.00226862769683,0.0021224505040514,129.0,107.02408890070087,3.0,0.0192307692307692,0.9272650633280004,268.0,0.0224549643904482,204.0,0.0185017231997097,9.222064690803023,540.0,213.0,327.0,0.3944444444444444,15.094261851965824,0.167522357270053,0.0916491596638655,22.0,0.1718499193660192
2GDI,decoy_024,156.0,43.208197851908615,120.12276231898534,54.96572461817438,27.143240349987938,0.0019338649383644,139.0,141.68095440014545,2.0,0.0128205128205128,1.2703019961623248,209.0,0.0175115207373271,165.0,0.0149646290585887,9.208812365929512,438.0,158.0,280.0,0.3607305936073059,17.282484979410615,0.1179497093573386,0.0627626050420168,28.0,0.13858507122487426
2GDI,decoy_025,156.0,42.763300224897655,109.83531552686637,54.23201755215187,27.200810493794577,0.0019948532647139,141.0,131.01066572047174,6.0,0.0384615384615384,0.8026571093942692,246.0,0.020611646418098,183.0,0.0165971340467984,8.520825105646642,477.0,184.0,293.0,0.3857442348008386,18.603155145973385,0.1110512606701178,0.0685399159663865,29.0,0.14853434766296034
2GDI,decoy_026,156.0,42.30341515890856,113.26590973192025,53.64314961464058,26.919541391347796,0.0020606218949357,140.0,126.88311452493666,4.0,0.0256410256410256,0.7868874602177272,255.0,0.0213657310431504,187.0,0.0169599129330672,8.832635685921613,529.0,216.0,313.0,0.4083175803402646,18.11501917613427,0.1324998328149802,0.0667016806722689,25.0,0.15087386608093553
2GDI,decoy_027,156.0,42.46819236349068,102.8149076748752,53.99278207736003,26.74220985005077,0.0020367291107018,144.0,132.80263440298015,3.0,0.0192307692307692,2.5778461321709254,231.0,0.0193548387096774,177.0,0.0160529657173952,9.216343990298462,515.0,203.0,312.0,0.3941747572815534,18.31080797934594,0.1241050139556852,0.073266806722689,26.0,0.1427362495639318
2GDI,decoy_028,156.0,44.848799477942514,93.69296520209564,56.87578152615941,28.529438209634755,0.0017293071280335,141.0,146.64490645628527,8.0,0.0512820512820512,1.6180004052637729,201.0,0.0168412232928361,153.0,0.0138762923997823,8.425488070337408,423.0,179.0,244.0,0.4231678486997636,19.06503905704331,0.1195451060226638,0.0611869747899159,27.0,0.1142129316926427
2GDI,decoy_029,156.0,42.73834488617342,123.30580080658852,54.59214716089833,26.389359801351382,0.0019983497487064,141.0,97.21390214098102,3.0,0.0192307692307692,1.0438029562172066,187.0,0.0156682027649769,145.0,0.0131507346272446,9.061668590104526,430.0,186.0,244.0,0.4325581395348837,19.883472268870353,0.0917721251143559,0.0456932773109243,31.0,0.10739765305046878
2GDI,decoy_030,156.0,44.01035055012911,113.2002967062622,56.10952852783431,27.39589602296372,0.0018300380301347,138.0,121.5838295096846,0.0,0.0,0.0,196.0,0.0164222873900293,149.0,0.0135135135135135,8.955792549861975,445.0,170.0,275.0,0.3820224719101123,20.391595147893185,0.0945231222119913,0.0564600840336134,30.0,0.12979981375384783
